VARIANT	CHR	START	END	SNP	P	minLOG10	TYPE	AF	BETA	Gene	Product
26695_1319583_A_T	26695	1319583	1319583	A>T	4.16E-12	11.3809	kmers	5.24E-01	1.34E-01	HP1243	Blood group antigen binding adhesin BabA
26695_1319582_A_T	26695	1319582	1319582	A>T	5.23E-12	11.2815	kmers	5.25E-01	1.33E-01	HP1243	Blood group antigen binding adhesin BabA
26695_1319580_A_T	26695	1319580	1319580	A>T	3.31E-11	10.4802	kmers	5.24E-01	1.29E-01	HP1243	Blood group antigen binding adhesin BabA
26695_1319581_A_T	26695	1319581	1319581	A>T	3.54E-11	10.451	kmers	5.22E-01	1.28E-01	HP1243	Blood group antigen binding adhesin BabA
26695_1319579_A_T	26695	1319579	1319579	A>T	4.26E-11	10.3706	kmers	5.18E-01	1.27E-01	HP1243	Blood group antigen binding adhesin BabA
26695_1319576_A_T	26695	1319576	1319576	A>T	3.53E-10	9.45223	kmers	4.71E-01	1.19E-01	HP1243	Blood group antigen binding adhesin BabA
26695_1319577_A_T	26695	1319577	1319577	A>T	4.01E-10	9.39686	kmers	4.69E-01	1.19E-01	HP1243	Blood group antigen binding adhesin BabA
26695_1319578_A_T	26695	1319578	1319578	A>T	2.03E-09	8.6925	kmers	4.67E-01	1.14E-01	HP1243	Blood group antigen binding adhesin BabA
26695_1319751_A_T	26695	1319751	1319751	A>T	6.27E-09	8.20273	kmers	2.15E-01	1.35E-01	HP1243	Blood group antigen binding adhesin BabA
26695_1319753_A_T	26695	1319753	1319753	A>T	2.69E-08	7.57025	kmers	2.04E-01	1.30E-01	HP1243	Blood group antigen binding adhesin BabA
26695_1319752_A_T	26695	1319752	1319752	A>T	3.78E-08	7.42251	kmers	1.98E-01	1.30E-01	HP1243	Blood group antigen binding adhesin BabA
26695_1319585_A_T	26695	1319585	1319585	A>T	1.19E-07	6.92445	kmers	4.55E-01	1.07E-01	HP1243	Blood group antigen binding adhesin BabA
26695_1319584_A_T	26695	1319584	1319584	A>T	1.74E-07	6.75945	kmers	4.47E-01	1.04E-01	HP1243	Blood group antigen binding adhesin BabA
26695_1319755_A_T	26695	1319755	1319755	A>T	2.47E-07	6.6073	kmers	1.31E-01	1.45E-01	HP1243	Blood group antigen binding adhesin BabA
26695_1319759_A_T	26695	1319759	1319759	A>T	2.80E-07	6.55284	kmers	1.33E-01	1.44E-01	HP1243	Blood group antigen binding adhesin BabA
26695_1319754_A_T	26695	1319754	1319754	A>T	3.40E-07	6.46852	kmers	1.38E-01	1.42E-01	HP1243	Blood group antigen binding adhesin BabA
26695_1319590_A_T	26695	1319590	1319590	A>T	4.29E-07	6.36754	kmers	4.62E-01	1.05E-01	HP1243	Blood group antigen binding adhesin BabA
26695_1319591_A_T	26695	1319591	1319591	A>T	4.29E-07	6.36754	kmers	4.62E-01	1.05E-01	HP1243	Blood group antigen binding adhesin BabA
26695_1319749_A_T	26695	1319749	1319749	A>T	5.22E-07	6.28233	kmers	1.42E-01	1.44E-01	HP1243	Blood group antigen binding adhesin BabA
26695_1319699_A_T	26695	1319699	1319699	A>T	8.04E-07	6.09474	kmers	2.09E-01	1.09E-01	HP1243	Blood group antigen binding adhesin BabA
26695_1319702_A_T	26695	1319702	1319702	A>T	8.04E-07	6.09474	kmers	2.09E-01	1.09E-01	HP1243	Blood group antigen binding adhesin BabA
26695_1319586_A_T	26695	1319586	1319586	A>T	8.99E-07	6.04624	kmers	4.58E-01	9.93E-02	HP1243	Blood group antigen binding adhesin BabA
26695_1319587_A_T	26695	1319587	1319587	A>T	9.31E-07	6.03105	kmers	4.49E-01	9.90E-02	HP1243	Blood group antigen binding adhesin BabA
26695_1319069_A_T	26695	1319069	1319069	A>T	9.82E-07	6.00789	kmers	1.93E-01	1.15E-01	HP1243	Blood group antigen binding adhesin BabA
26695_1319750_A_T	26695	1319750	1319750	A>T	9.84E-07	6.007	kmers	1.40E-01	1.41E-01	HP1243	Blood group antigen binding adhesin BabA
26695_1319588_A_T	26695	1319588	1319588	A>T	1.03E-06	5.98716	kmers	4.47E-01	9.83E-02	HP1243	Blood group antigen binding adhesin BabA
26695_1319589_A_T	26695	1319589	1319589	A>T	1.49E-06	5.82681	kmers	4.45E-01	9.72E-02	HP1243	Blood group antigen binding adhesin BabA
26695_1319068_A_T	26695	1319068	1319068	A>T	1.73E-06	5.76195	kmers	2.13E-01	1.10E-01	HP1243	Blood group antigen binding adhesin BabA
26695_1319067_A_T	26695	1319067	1319067	A>T	1.74E-06	5.75945	kmers	2.13E-01	1.10E-01	HP1243	Blood group antigen binding adhesin BabA
26695_1319062_A_T	26695	1319062	1319062	A>T	2.59E-06	5.5867	kmers	2.22E-01	1.03E-01	HP1243	Blood group antigen binding adhesin BabA
26695_1319063_A_T	26695	1319063	1319063	A>T	3.39E-06	5.4698	kmers	2.25E-01	1.01E-01	HP1243	Blood group antigen binding adhesin BabA
26695_1319761_A_T	26695	1319761	1319761	A>T	3.50E-06	5.45593	kmers	1.24E-01	1.33E-01	HP1243	Blood group antigen binding adhesin BabA
26695_1319574_A_T	26695	1319574	1319574	A>T	4.98E-06	5.30277	kmers	3.07E-01	8.94E-02	HP1243	Blood group antigen binding adhesin BabA
26695_1319572_A_T	26695	1319572	1319572	A>T	4.98E-06	5.30277	kmers	3.07E-01	8.94E-02	HP1243	Blood group antigen binding adhesin BabA
26695_1319070_A_T	26695	1319070	1319070	A>T	5.74E-06	5.24109	kmers	1.62E-01	1.17E-01	HP1243	Blood group antigen binding adhesin BabA
26695_1319575_A_T	26695	1319575	1319575	A>T	6.01E-06	5.22113	kmers	3.15E-01	8.89E-02	HP1243	Blood group antigen binding adhesin BabA
26695_1319748_A_T	26695	1319748	1319748	A>T	6.85E-06	5.16431	kmers	1.36E-01	1.27E-01	HP1243	Blood group antigen binding adhesin BabA
26695_1319054_A_T	26695	1319054	1319054	A>T	6.86E-06	5.16368	kmers	2.60E-01	9.42E-02	HP1243	Blood group antigen binding adhesin BabA
26695_1319594_A_T	26695	1319594	1319594	A>T	8.14E-06	5.08938	kmers	3.56E-01	9.19E-02	HP1243	Blood group antigen binding adhesin BabA
26695_1319746_A_T	26695	1319746	1319746	A>T	9.87E-06	5.00568	kmers	1.35E-01	1.25E-01	HP1243	Blood group antigen binding adhesin BabA
26695_1319055_A_T	26695	1319055	1319055	A>T	1.03E-05	4.98716	kmers	2.55E-01	9.28E-02	HP1243	Blood group antigen binding adhesin BabA
26695_1319595_A_T	26695	1319595	1319595	A>T	1.09E-05	4.96257	kmers	3.62E-01	9.00E-02	HP1243	Blood group antigen binding adhesin BabA
26695_1319744_A_T	26695	1319744	1319744	A>T	1.10E-05	4.95861	kmers	1.38E-01	1.22E-01	HP1243	Blood group antigen binding adhesin BabA
26695_1319570_A_T	26695	1319570	1319570	A>T	1.35E-05	4.86967	kmers	3.05E-01	8.62E-02	HP1243	Blood group antigen binding adhesin BabA
26695_1319571_A_T	26695	1319571	1319571	A>T	1.35E-05	4.86967	kmers	3.05E-01	8.62E-02	HP1243	Blood group antigen binding adhesin BabA
26695_1319076_A_T	26695	1319076	1319076	A>T	1.48E-05	4.82974	kmers	1.38E-01	1.19E-01	HP1243	Blood group antigen binding adhesin BabA
26695_1319593_A_T	26695	1319593	1319593	A>T	1.59E-05	4.7986	kmers	3.56E-01	8.85E-02	HP1243	Blood group antigen binding adhesin BabA
26695_1319609_A_T	26695	1319609	1319609	A>T	1.70E-05	4.76955	kmers	1.96E-01	1.03E-01	HP1243	Blood group antigen binding adhesin BabA
26695_1319074_A_T	26695	1319074	1319074	A>T	1.83E-05	4.73755	kmers	1.51E-01	1.13E-01	HP1243	Blood group antigen binding adhesin BabA
26695_1319743_A_T	26695	1319743	1319743	A>T	2.27E-05	4.64397	kmers	1.15E-01	1.29E-01	HP1243	Blood group antigen binding adhesin BabA
26695_1319606_A_T	26695	1319606	1319606	A>T	2.75E-05	4.56067	kmers	2.16E-01	9.81E-02	HP1243	Blood group antigen binding adhesin BabA
26695_1318885_A_T	26695	1318885	1318885	A>T	2.78E-05	4.55596	kmers	6.18E-02	1.64E-01	HP1243	Blood group antigen binding adhesin BabA
26695_1319603_A_T	26695	1319603	1319603	A>T	2.91E-05	4.53611	kmers	2.20E-01	9.65E-02	HP1243	Blood group antigen binding adhesin BabA
26695_1319056_A_T	26695	1319056	1319056	A>T	2.92E-05	4.53462	kmers	2.31E-01	8.98E-02	HP1243	Blood group antigen binding adhesin BabA
26695_1319050_A_T	26695	1319050	1319050	A>T	2.99E-05	4.52433	kmers	1.18E-01	1.19E-01	HP1243	Blood group antigen binding adhesin BabA
26695_1319742_A_T	26695	1319742	1319742	A>T	3.00E-05	4.52288	kmers	1.16E-01	1.26E-01	HP1243	Blood group antigen binding adhesin BabA
26695_1319061_A_T	26695	1319061	1319061	A>T	3.03E-05	4.51856	kmers	2.36E-01	8.94E-02	HP1243	Blood group antigen binding adhesin BabA
26695_1319060_A_T	26695	1319060	1319060	A>T	3.08E-05	4.51145	kmers	2.35E-01	8.94E-02	HP1243	Blood group antigen binding adhesin BabA
26695_1319075_A_T	26695	1319075	1319075	A>T	3.21E-05	4.49349	kmers	1.42E-01	1.12E-01	HP1243	Blood group antigen binding adhesin BabA
26695_1319602_A_T	26695	1319602	1319602	A>T	3.42E-05	4.46597	kmers	2.33E-01	9.40E-02	HP1243	Blood group antigen binding adhesin BabA
26695_1319608_A_T	26695	1319608	1319608	A>T	3.45E-05	4.46218	kmers	2.15E-01	9.60E-02	HP1243	Blood group antigen binding adhesin BabA
26695_1319599_A_T	26695	1319599	1319599	A>T	3.45E-05	4.46218	kmers	3.55E-01	8.76E-02	HP1243	Blood group antigen binding adhesin BabA
26695_1319057_A_T	26695	1319057	1319057	A>T	3.69E-05	4.43297	kmers	2.25E-01	8.95E-02	HP1243	Blood group antigen binding adhesin BabA
26695_1319600_A_T	26695	1319600	1319600	A>T	3.75E-05	4.42597	kmers	3.55E-01	8.72E-02	HP1243	Blood group antigen binding adhesin BabA
26695_1319604_A_T	26695	1319604	1319604	A>T	4.07E-05	4.39041	kmers	2.15E-01	9.58E-02	HP1243	Blood group antigen binding adhesin BabA
26695_1319066_A_T	26695	1319066	1319066	A>T	5.07E-05	4.29499	kmers	2.56E-01	8.24E-02	HP1243	Blood group antigen binding adhesin BabA
26695_1319596_A_T	26695	1319596	1319596	A>T	5.75E-05	4.24033	kmers	3.40E-01	8.39E-02	HP1243	Blood group antigen binding adhesin BabA
26695_1319327_A_T	26695	1319327	1319327	A>T	6.03E-05	4.21968	kmers	7.27E-02	1.43E-01	HP1243	Blood group antigen binding adhesin BabA
26695_1319328_A_T	26695	1319328	1319328	A>T	6.09E-05	4.21538	kmers	7.09E-02	1.45E-01	HP1243	Blood group antigen binding adhesin BabA
26695_1319567_A_T	26695	1319567	1319567	A>T	7.37E-05	4.13253	kmers	2.96E-01	7.92E-02	HP1243	Blood group antigen binding adhesin BabA
26695_1319569_A_T	26695	1319569	1319569	A>T	8.41E-05	4.0752	kmers	2.89E-01	7.84E-02	HP1243	Blood group antigen binding adhesin BabA
26695_1319568_A_T	26695	1319568	1319568	A>T	8.41E-05	4.0752	kmers	2.89E-01	7.84E-02	HP1243	Blood group antigen binding adhesin BabA
26695_1319051_A_T	26695	1319051	1319051	A>T	1.04E-04	3.98297	kmers	2.09E-01	8.53E-02	HP1243	Blood group antigen binding adhesin BabA
26695_1319065_A_T	26695	1319065	1319065	A>T	1.46E-04	3.83565	kmers	1.42E-01	1.03E-01	HP1243	Blood group antigen binding adhesin BabA
26695_1319222_A_T	26695	1319222	1319222	A>T	2.39E-04	3.6216	kmers	1.45E-01	9.22E-02	HP1243	Blood group antigen binding adhesin BabA
26695_1319223_A_T	26695	1319223	1319223	A>T	2.49E-04	3.6038	kmers	1.44E-01	9.24E-02	HP1243	Blood group antigen binding adhesin BabA
26695_1319610_A_T	26695	1319610	1319610	A>T	2.57E-04	3.59007	kmers	1.31E-01	9.87E-02	HP1243	Blood group antigen binding adhesin BabA
26695_1319219_A_T	26695	1319219	1319219	A>T	3.28E-04	3.48413	kmers	2.60E-01	8.16E-02	HP1243	Blood group antigen binding adhesin BabA
26695_1319221_A_T	26695	1319221	1319221	A>T	4.04E-04	3.39362	kmers	1.56E-01	8.68E-02	HP1243	Blood group antigen binding adhesin BabA
26695_1318920_A_T	26695	1318920	1318920	A>T	4.16E-04	3.38091	kmers	4.42E-01	7.20E-02	HP1243	Blood group antigen binding adhesin BabA
26695_1319738_A_T	26695	1319738	1319738	A>T	4.18E-04	3.37882	kmers	1.11E-01	1.09E-01	HP1243	Blood group antigen binding adhesin BabA
26695_1319566_A_T	26695	1319566	1319566	A>T	4.45E-04	3.35164	kmers	2.56E-01	7.06E-02	HP1243	Blood group antigen binding adhesin BabA
26695_1319218_A_T	26695	1319218	1319218	A>T	4.52E-04	3.34486	kmers	2.53E-01	8.08E-02	HP1243	Blood group antigen binding adhesin BabA
26695_1319216_A_T	26695	1319216	1319216	A>T	4.52E-04	3.34486	kmers	2.53E-01	8.08E-02	HP1243	Blood group antigen binding adhesin BabA
26695_1319696_A_T	26695	1319696	1319696	A>T	5.39E-04	3.26841	kmers	1.04E-01	1.00E-01	HP1243	Blood group antigen binding adhesin BabA
26695_1318974_A_T	26695	1318974	1318974	A>T	5.45E-04	3.2636	kmers	7.45E-02	1.26E-01	HP1243	Blood group antigen binding adhesin BabA
26695_1319326_A_T	26695	1319326	1319326	A>T	5.73E-04	3.24185	kmers	7.64E-02	1.20E-01	HP1243	Blood group antigen binding adhesin BabA
26695_1319705_A_T	26695	1319705	1319705	A>T	6.09E-04	3.21538	kmers	1.45E-01	8.68E-02	HP1243	Blood group antigen binding adhesin BabA
26695_1318919_A_T	26695	1318919	1318919	A>T	6.19E-04	3.20831	kmers	4.36E-01	6.94E-02	HP1243	Blood group antigen binding adhesin BabA
26695_1319325_A_T	26695	1319325	1319325	A>T	6.32E-04	3.19928	kmers	7.82E-02	1.18E-01	HP1243	Blood group antigen binding adhesin BabA
26695_1319698_A_T	26695	1319698	1319698	A>T	6.47E-04	3.1891	kmers	1.24E-01	9.34E-02	HP1243	Blood group antigen binding adhesin BabA
26695_1319053_A_T	26695	1319053	1319053	A>T	6.79E-04	3.16813	kmers	2.04E-01	7.51E-02	HP1243	Blood group antigen binding adhesin BabA
26695_1319704_A_T	26695	1319704	1319704	A>T	7.72E-04	3.11238	kmers	1.38E-01	8.65E-02	HP1243	Blood group antigen binding adhesin BabA
26695_1319706_A_T	26695	1319706	1319706	A>T	7.95E-04	3.09963	kmers	1.45E-01	8.50E-02	HP1243	Blood group antigen binding adhesin BabA
26695_1319681_A_T	26695	1319681	1319681	A>T	8.50E-04	3.07058	kmers	4.73E-02	1.45E-01	HP1243	Blood group antigen binding adhesin BabA
26695_1318883_A_T	26695	1318883	1318883	A>T	8.63E-04	3.06399	kmers	5.64E-02	1.37E-01	HP1243	Blood group antigen binding adhesin BabA
26695_1319695_A_T	26695	1319695	1319695	A>T	9.24E-04	3.03433	kmers	1.00E-01	9.65E-02	HP1243	Blood group antigen binding adhesin BabA
26695_1319220_A_T	26695	1319220	1319220	A>T	9.56E-04	3.01954	kmers	2.55E-01	7.02E-02	HP1243	Blood group antigen binding adhesin BabA
26695_1319207_A_T	26695	1319207	1319207	A>T	1.02E-03	2.9914	kmers	3.24E-01	7.24E-02	HP1243	Blood group antigen binding adhesin BabA
26695_1319208_A_T	26695	1319208	1319208	A>T	1.02E-03	2.9914	kmers	3.24E-01	7.24E-02	HP1243	Blood group antigen binding adhesin BabA
26695_1319687_A_T	26695	1319687	1319687	A>T	1.06E-03	2.97469	kmers	1.05E-01	9.43E-02	HP1243	Blood group antigen binding adhesin BabA
26695_1318975_A_T	26695	1318975	1318975	A>T	1.11E-03	2.95468	kmers	6.91E-02	1.21E-01	HP1243	Blood group antigen binding adhesin BabA
26695_1318976_A_T	26695	1318976	1318976	A>T	1.11E-03	2.95468	kmers	6.91E-02	1.21E-01	HP1243	Blood group antigen binding adhesin BabA
26695_1319209_A_T	26695	1319209	1319209	A>T	1.20E-03	2.92082	kmers	3.18E-01	7.17E-02	HP1243	Blood group antigen binding adhesin BabA
26695_1318971_A_T	26695	1318971	1318971	A>T	1.22E-03	2.91364	kmers	9.45E-02	1.02E-01	HP1243	Blood group antigen binding adhesin BabA
26695_1318967_A_T	26695	1318967	1318967	A>T	1.29E-03	2.88941	kmers	1.11E-01	9.34E-02	HP1243	Blood group antigen binding adhesin BabA
26695_1319684_A_T	26695	1319684	1319684	A>T	1.33E-03	2.87615	kmers	1.02E-01	9.37E-02	HP1243	Blood group antigen binding adhesin BabA
26695_1318973_A_T	26695	1318973	1318973	A>T	1.34E-03	2.8729	kmers	9.64E-02	1.01E-01	HP1243	Blood group antigen binding adhesin BabA
26695_1318968_A_T	26695	1318968	1318968	A>T	1.41E-03	2.85078	kmers	1.09E-01	9.33E-02	HP1243	Blood group antigen binding adhesin BabA
26695_1319686_A_T	26695	1319686	1319686	A>T	1.48E-03	2.82974	kmers	1.04E-01	9.20E-02	HP1243	Blood group antigen binding adhesin BabA
26695_1319110_A_T	26695	1319110	1319110	A>T	1.70E-03	2.76955	kmers	1.20E-01	9.13E-02	HP1243	Blood group antigen binding adhesin BabA
26695_1319108_A_T	26695	1319108	1319108	A>T	1.70E-03	2.76955	kmers	1.20E-01	9.13E-02	HP1243	Blood group antigen binding adhesin BabA
26695_1318969_A_T	26695	1318969	1318969	A>T	1.73E-03	2.76195	kmers	9.27E-02	9.97E-02	HP1243	Blood group antigen binding adhesin BabA
26695_1318057_A_T	26695	1318057	1318057	A>T	1.77E-03	2.75203	kmers	2.05E-01	-7.86E-02	HP1243	Blood group antigen binding adhesin BabA
26695_1319111_A_T	26695	1319111	1319111	A>T	1.82E-03	2.73993	kmers	1.24E-01	8.91E-02	HP1243	Blood group antigen binding adhesin BabA
26695_1319683_A_T	26695	1319683	1319683	A>T	2.13E-03	2.67162	kmers	9.82E-02	9.09E-02	HP1243	Blood group antigen binding adhesin BabA
26695_1319309_A_T	26695	1319309	1319309	A>T	2.14E-03	2.66959	kmers	7.82E-02	1.07E-01	HP1243	Blood group antigen binding adhesin BabA
26695_1319311_A_T	26695	1319311	1319311	A>T	2.14E-03	2.66959	kmers	7.82E-02	1.07E-01	HP1243	Blood group antigen binding adhesin BabA
26695_1319584_A_T	26695	1319584	1319584	A>T	2.20E-03	2.65758	kmers	8.18E-02	1.07E-01	HP1243	Blood group antigen binding adhesin BabA
26695_1319698_A_T	26695	1319698	1319698	A>T	2.34E-03	2.63078	kmers	9.09E-02	9.26E-02	HP1243	Blood group antigen binding adhesin BabA
26695_1319563_A_T	26695	1319563	1319563	A>T	2.47E-03	2.6073	kmers	1.56E-01	7.06E-02	HP1243	Blood group antigen binding adhesin BabA
26695_1319711_A_T	26695	1319711	1319711	A>T	2.48E-03	2.60555	kmers	1.75E-01	7.54E-02	HP1243	Blood group antigen binding adhesin BabA
26695_1319321_A_T	26695	1319321	1319321	A>T	2.93E-03	2.53313	kmers	7.64E-02	1.04E-01	HP1243	Blood group antigen binding adhesin BabA
26695_1319708_A_T	26695	1319708	1319708	A>T	3.03E-03	2.51856	kmers	1.80E-01	7.33E-02	HP1243	Blood group antigen binding adhesin BabA
26695_1319107_A_T	26695	1319107	1319107	A>T	3.17E-03	2.49894	kmers	1.05E-01	8.98E-02	HP1243	Blood group antigen binding adhesin BabA
26695_1318650_A_T	26695	1318650	1318650	A>T	3.38E-03	2.47108	kmers	1.18E-01	8.43E-02	HP1243	Blood group antigen binding adhesin BabA
26695_1318646_A_T	26695	1318646	1318646	A>T	3.49E-03	2.45717	kmers	1.15E-01	8.59E-02	HP1243	Blood group antigen binding adhesin BabA
26695_1318643_A_T	26695	1318643	1318643	A>T	3.49E-03	2.45717	kmers	1.15E-01	8.59E-02	HP1243	Blood group antigen binding adhesin BabA
26695_1319323_A_T	26695	1319323	1319323	A>T	3.58E-03	2.44612	kmers	7.45E-02	1.03E-01	HP1243	Blood group antigen binding adhesin BabA
26695_1319203_A_T	26695	1319203	1319203	A>T	3.58E-03	2.44612	kmers	1.07E-01	8.64E-02	HP1243	Blood group antigen binding adhesin BabA
26695_1319322_A_T	26695	1319322	1319322	A>T	3.58E-03	2.44612	kmers	7.45E-02	1.03E-01	HP1243	Blood group antigen binding adhesin BabA
26695_1318655_A_T	26695	1318655	1318655	A>T	3.65E-03	2.43771	kmers	1.58E-01	7.47E-02	HP1243	Blood group antigen binding adhesin BabA
26695_1319815_A_T	26695	1319815	1319815	A>T	3.84E-03	2.41567	kmers	7.09E-02	1.03E-01	HP1243	Blood group antigen binding adhesin BabA
26695_1319225_A_T	26695	1319225	1319225	A>T	4.13E-03	2.38405	kmers	6.91E-02	1.02E-01	HP1243	Blood group antigen binding adhesin BabA
26695_1319710_A_T	26695	1319710	1319710	A>T	4.20E-03	2.37675	kmers	1.69E-01	7.14E-02	HP1243	Blood group antigen binding adhesin BabA
26695_1319204_A_T	26695	1319204	1319204	A>T	4.50E-03	2.34679	kmers	2.82E-01	6.39E-02	HP1243	Blood group antigen binding adhesin BabA
26695_1319324_A_T	26695	1319324	1319324	A>T	4.56E-03	2.34104	kmers	7.82E-02	9.78E-02	HP1243	Blood group antigen binding adhesin BabA
26695_1318925_A_T	26695	1318925	1318925	A>T	4.64E-03	2.33348	kmers	2.64E-01	6.00E-02	HP1243	Blood group antigen binding adhesin BabA
26695_1319565_A_T	26695	1319565	1319565	A>T	4.78E-03	2.32057	kmers	1.96E-01	6.08E-02	HP1243	Blood group antigen binding adhesin BabA
26695_1319562_A_T	26695	1319562	1319562	A>T	4.96E-03	2.30452	kmers	1.27E-01	7.19E-02	HP1243	Blood group antigen binding adhesin BabA
26695_1319312_A_T	26695	1319312	1319312	A>T	4.99E-03	2.3019	kmers	8.00E-02	9.46E-02	HP1243	Blood group antigen binding adhesin BabA
26695_1319319_A_T	26695	1319319	1319319	A>T	6.37E-03	2.19586	kmers	8.36E-02	9.04E-02	HP1243	Blood group antigen binding adhesin BabA
26695_1318917_A_T	26695	1318917	1318917	A>T	6.50E-03	2.18709	kmers	3.93E-01	5.52E-02	HP1243	Blood group antigen binding adhesin BabA
26695_1319212_A_T	26695	1319212	1319212	A>T	7.04E-03	2.15243	kmers	2.09E-01	6.49E-02	HP1243	Blood group antigen binding adhesin BabA
26695_1319210_A_T	26695	1319210	1319210	A>T	7.04E-03	2.15243	kmers	2.09E-01	6.49E-02	HP1243	Blood group antigen binding adhesin BabA
26695_1319213_A_T	26695	1319213	1319213	A>T	7.09E-03	2.14935	kmers	2.11E-01	6.47E-02	HP1243	Blood group antigen binding adhesin BabA
26695_1319320_A_T	26695	1319320	1319320	A>T	7.46E-03	2.12726	kmers	8.55E-02	8.79E-02	HP1243	Blood group antigen binding adhesin BabA
26695_1319751_A_T	26695	1319751	1319751	A>T	8.31E-03	2.0804	kmers	7.82E-02	8.93E-02	HP1243	Blood group antigen binding adhesin BabA
26695_1319315_A_T	26695	1319315	1319315	A>T	8.85E-03	2.05306	kmers	7.27E-02	9.21E-02	HP1243	Blood group antigen binding adhesin BabA
26695_1319707_A_T	26695	1319707	1319707	A>T	9.21E-03	2.03574	kmers	8.55E-02	8.62E-02	HP1243	Blood group antigen binding adhesin BabA
26695_1319314_A_T	26695	1319314	1319314	A>T	1.02E-02	1.9914	kmers	7.27E-02	9.07E-02	HP1243	Blood group antigen binding adhesin BabA
26695_1318820_A_T	26695	1318820	1318820	A>T	1.03E-02	1.98716	kmers	1.75E-01	6.56E-02	HP1243	Blood group antigen binding adhesin BabA
26695_1318821_A_T	26695	1318821	1318821	A>T	1.03E-02	1.98716	kmers	1.75E-01	6.56E-02	HP1243	Blood group antigen binding adhesin BabA
26695_1318823_A_T	26695	1318823	1318823	A>T	1.03E-02	1.98716	kmers	1.75E-01	6.56E-02	HP1243	Blood group antigen binding adhesin BabA
26695_1318825_A_T	26695	1318825	1318825	A>T	1.06E-02	1.97469	kmers	1.71E-01	6.59E-02	HP1243	Blood group antigen binding adhesin BabA
26695_1319215_A_T	26695	1319215	1319215	A>T	1.07E-02	1.97062	kmers	2.07E-01	6.14E-02	HP1243	Blood group antigen binding adhesin BabA
26695_1319318_A_T	26695	1319318	1319318	A>T	1.10E-02	1.95861	kmers	8.00E-02	8.57E-02	HP1243	Blood group antigen binding adhesin BabA
26695_1318966_A_T	26695	1318966	1318966	A>T	1.12E-02	1.95078	kmers	9.64E-02	7.66E-02	HP1243	Blood group antigen binding adhesin BabA
26695_1319134_A_T	26695	1319134	1319134	A>T	1.20E-02	1.92082	kmers	8.55E-02	8.61E-02	HP1243	Blood group antigen binding adhesin BabA
26695_1319214_A_T	26695	1319214	1319214	A>T	1.25E-02	1.90309	kmers	2.09E-01	5.99E-02	HP1243	Blood group antigen binding adhesin BabA
26695_1319483_A_T	26695	1319483	1319483	A>T	1.29E-02	1.88941	kmers	8.91E-02	8.19E-02	HP1243	Blood group antigen binding adhesin BabA
26695_1319735_A_T	26695	1319735	1319735	A>T	1.36E-02	1.86646	kmers	4.73E-02	1.15E-01	HP1243	Blood group antigen binding adhesin BabA
26695_1319575_A_T	26695	1319575	1319575	A>T	1.74E-02	1.75945	kmers	1.58E-01	6.09E-02	HP1243	Blood group antigen binding adhesin BabA
26695_1319875_A_T	26695	1319875	1319875	A>T	1.80E-02	1.74473	kmers	1.89E-01	5.74E-02	HP1243	Blood group antigen binding adhesin BabA
26695_1318927_A_T	26695	1318927	1318927	A>T	2.09E-02	1.67985	kmers	2.31E-01	5.12E-02	HP1243	Blood group antigen binding adhesin BabA
26695_1318922_A_T	26695	1318922	1318922	A>T	2.09E-02	1.67985	kmers	3.29E-01	4.72E-02	HP1243	Blood group antigen binding adhesin BabA
26695_1317912_A_T	26695	1317912	1317912	A>T	2.10E-02	1.67778	kmers	1.38E-01	-6.34E-02	HP1243	Blood group antigen binding adhesin BabA
26695_1318921_A_T	26695	1318921	1318921	A>T	2.13E-02	1.67162	kmers	3.33E-01	4.68E-02	HP1243	Blood group antigen binding adhesin BabA
26695_1319053_A_T	26695	1319053	1319053	A>T	2.15E-02	1.66756	kmers	5.82E-02	8.96E-02	HP1243	Blood group antigen binding adhesin BabA
26695_1318826_A_T	26695	1318826	1318826	A>T	2.31E-02	1.63639	kmers	7.64E-02	8.11E-02	HP1243	Blood group antigen binding adhesin BabA
26695_1319224_A_T	26695	1319224	1319224	A>T	2.38E-02	1.62342	kmers	8.73E-02	6.45E-02	HP1243	Blood group antigen binding adhesin BabA
26695_1318818_A_T	26695	1318818	1318818	A>T	2.46E-02	1.60906	kmers	1.75E-01	5.68E-02	HP1243	Blood group antigen binding adhesin BabA
26695_1319564_A_T	26695	1319564	1319564	A>T	2.54E-02	1.59517	kmers	1.93E-01	4.83E-02	HP1243	Blood group antigen binding adhesin BabA
26695_1319887_A_T	26695	1319887	1319887	A>T	2.55E-02	1.59346	kmers	2.38E-01	5.48E-02	HP1243	Blood group antigen binding adhesin BabA
26695_1318829_A_T	26695	1318829	1318829	A>T	2.58E-02	1.58838	kmers	7.27E-02	8.09E-02	HP1243	Blood group antigen binding adhesin BabA
26695_1318827_A_T	26695	1318827	1318827	A>T	2.58E-02	1.58838	kmers	7.27E-02	8.09E-02	HP1243	Blood group antigen binding adhesin BabA
26695_1318819_A_T	26695	1318819	1318819	A>T	2.62E-02	1.5817	kmers	1.82E-01	5.55E-02	HP1243	Blood group antigen binding adhesin BabA
26695_1318667_A_T	26695	1318667	1318667	A>T	2.64E-02	1.5784	kmers	1.22E-01	6.65E-02	HP1243	Blood group antigen binding adhesin BabA
26695_1319726_A_T	26695	1319726	1319726	A>T	2.67E-02	1.57349	kmers	4.73E-02	9.65E-02	HP1243	Blood group antigen binding adhesin BabA
26695_1318669_A_T	26695	1318669	1318669	A>T	2.68E-02	1.57187	kmers	1.20E-01	6.66E-02	HP1243	Blood group antigen binding adhesin BabA
26695_1318817_A_T	26695	1318817	1318817	A>T	2.93E-02	1.53313	kmers	1.76E-01	5.40E-02	HP1243	Blood group antigen binding adhesin BabA
26695_1319723_A_T	26695	1319723	1319723	A>T	3.08E-02	1.51145	kmers	4.91E-02	9.08E-02	HP1243	Blood group antigen binding adhesin BabA
26695_1319731_A_T	26695	1319731	1319731	A>T	3.09E-02	1.51004	kmers	4.55E-02	9.71E-02	HP1243	Blood group antigen binding adhesin BabA
26695_1318642_A_T	26695	1318642	1318642	A>T	3.11E-02	1.50724	kmers	1.51E-01	5.65E-02	HP1243	Blood group antigen binding adhesin BabA
26695_1319718_A_T	26695	1319718	1319718	A>T	3.27E-02	1.48545	kmers	4.55E-02	9.42E-02	HP1243	Blood group antigen binding adhesin BabA
26695_1319722_A_T	26695	1319722	1319722	A>T	3.27E-02	1.48545	kmers	4.55E-02	9.42E-02	HP1243	Blood group antigen binding adhesin BabA
26695_1319135_A_T	26695	1319135	1319135	A>T	3.37E-02	1.47237	kmers	7.45E-02	7.67E-02	HP1243	Blood group antigen binding adhesin BabA
26695_1318666_A_T	26695	1318666	1318666	A>T	3.38E-02	1.47108	kmers	4.91E-02	9.09E-02	HP1243	Blood group antigen binding adhesin BabA
26695_1319728_A_T	26695	1319728	1319728	A>T	3.60E-02	1.4437	kmers	4.55E-02	9.31E-02	HP1243	Blood group antigen binding adhesin BabA
26695_1319729_A_T	26695	1319729	1319729	A>T	3.65E-02	1.43771	kmers	4.73E-02	9.09E-02	HP1243	Blood group antigen binding adhesin BabA
26695_1319141_A_T	26695	1319141	1319141	A>T	3.88E-02	1.41117	kmers	6.73E-02	7.68E-02	HP1243	Blood group antigen binding adhesin BabA
26695_1318964_A_T	26695	1318964	1318964	A>T	3.94E-02	1.4045	kmers	7.27E-02	7.34E-02	HP1243	Blood group antigen binding adhesin BabA
26695_1319714_A_T	26695	1319714	1319714	A>T	4.14E-02	1.383	kmers	9.64E-02	6.29E-02	HP1243	Blood group antigen binding adhesin BabA
26695_1319716_A_T	26695	1319716	1319716	A>T	4.14E-02	1.383	kmers	9.45E-02	6.39E-02	HP1243	Blood group antigen binding adhesin BabA
26695_1320015_A_T	26695	1320015	1320015	A>T	4.20E-02	1.37675	kmers	2.56E-01	-4.46E-02	HP1243	Blood group antigen binding adhesin BabA
26695_1318499_A_T	26695	1318499	1318499	A>T	4.29E-02	1.36754	kmers	6.91E-02	-7.10E-02	HP1243	Blood group antigen binding adhesin BabA
26695_1319215_A_T	26695	1319215	1319215	A>T	4.37E-02	1.35952	kmers	4.36E-02	9.36E-02	HP1243	Blood group antigen binding adhesin BabA
26695_1319476_A_T	26695	1319476	1319476	A>T	4.50E-02	1.34679	kmers	4.91E-02	8.30E-02	HP1243	Blood group antigen binding adhesin BabA
26695_1318641_A_T	26695	1318641	1318641	A>T	4.58E-02	1.33913	kmers	1.69E-01	4.87E-02	HP1243	Blood group antigen binding adhesin BabA
26695_1318750_A_T	26695	1318750	1318750	A>T	4.83E-02	1.31605	kmers	7.27E-02	7.03E-02	HP1243	Blood group antigen binding adhesin BabA
26695_1318167_A_T	26695	1318167	1318167	A>T	4.95E-02	1.30539	kmers	8.29E-01	4.59E-02	HP1243	Blood group antigen binding adhesin BabA
26695_1318166_A_T	26695	1318166	1318166	A>T	4.95E-02	1.30539	kmers	8.29E-01	4.59E-02	HP1243	Blood group antigen binding adhesin BabA
26695_1318442_A_T	26695	1318442	1318442	A>T	4.95E-02	1.30539	kmers	2.65E-01	4.19E-02	HP1243	Blood group antigen binding adhesin BabA
26695_1318169_A_T	26695	1318169	1318169	A>T	5.09E-02	1.29328	kmers	8.31E-01	4.58E-02	HP1243	Blood group antigen binding adhesin BabA
26695_1319754_A_T	26695	1319754	1319754	A>T	5.17E-02	1.28651	kmers	6.73E-02	7.31E-02	HP1243	Blood group antigen binding adhesin BabA
26695_1318961_A_T	26695	1318961	1318961	A>T	5.18E-02	1.28567	kmers	7.09E-02	7.07E-02	HP1243	Blood group antigen binding adhesin BabA
26695_1318924_A_T	26695	1318924	1318924	A>T	5.27E-02	1.27819	kmers	2.51E-01	4.20E-02	HP1243	Blood group antigen binding adhesin BabA
26695_1319699_A_T	26695	1319699	1319699	A>T	5.69E-02	1.24489	kmers	4.18E-02	8.93E-02	HP1243	Blood group antigen binding adhesin BabA
26695_1318047_A_T	26695	1318047	1318047	A>T	6.36E-02	1.19654	kmers	1.00E-01	5.89E-02	HP1243	Blood group antigen binding adhesin BabA
26695_1318354_A_T	26695	1318354	1318354	A>T	6.49E-02	1.18776	kmers	1.64E-01	-4.71E-02	HP1243	Blood group antigen binding adhesin BabA
26695_1319713_A_T	26695	1319713	1319713	A>T	6.79E-02	1.16813	kmers	9.45E-02	5.67E-02	HP1243	Blood group antigen binding adhesin BabA
26695_1318921_A_T	26695	1318921	1318921	A>T	6.97E-02	1.15677	kmers	8.36E-02	5.80E-02	HP1243	Blood group antigen binding adhesin BabA
26695_1319482_A_T	26695	1319482	1319482	A>T	7.09E-02	1.14935	kmers	5.82E-02	6.91E-02	HP1243	Blood group antigen binding adhesin BabA
26695_1318960_A_T	26695	1318960	1318960	A>T	7.21E-02	1.14206	kmers	5.45E-02	7.34E-02	HP1243	Blood group antigen binding adhesin BabA
26695_1319478_A_T	26695	1319478	1319478	A>T	8.27E-02	1.08249	kmers	6.18E-02	6.34E-02	HP1243	Blood group antigen binding adhesin BabA
26695_1319479_A_T	26695	1319479	1319479	A>T	8.27E-02	1.08249	kmers	6.18E-02	6.34E-02	HP1243	Blood group antigen binding adhesin BabA
26695_1319477_A_T	26695	1319477	1319477	A>T	8.43E-02	1.07417	kmers	7.27E-02	5.74E-02	HP1243	Blood group antigen binding adhesin BabA
26695_1318603_A_T	26695	1318603	1318603	A>T	8.55E-02	1.06803	kmers	7.09E-02	6.15E-02	HP1243	Blood group antigen binding adhesin BabA
26695_1317907_A_T	26695	1317907	1317907	A>T	8.84E-02	1.05355	kmers	1.53E-01	-4.44E-02	HP1243	Blood group antigen binding adhesin BabA
26695_1318445_A_T	26695	1318445	1318445	A>T	8.85E-02	1.05306	kmers	2.80E-01	3.57E-02	HP1243	Blood group antigen binding adhesin BabA
26695_1318165_A_T	26695	1318165	1318165	A>T	8.99E-02	1.04624	kmers	2.24E-01	3.49E-02	HP1243	Blood group antigen binding adhesin BabA
26695_1318601_A_T	26695	1318601	1318601	A>T	9.63E-02	1.01637	kmers	1.00E-01	5.10E-02	HP1243	Blood group antigen binding adhesin BabA
26695_1318602_A_T	26695	1318602	1318602	A>T	9.63E-02	1.01637	kmers	1.00E-01	5.10E-02	HP1243	Blood group antigen binding adhesin BabA
26695_1318447_A_T	26695	1318447	1318447	A>T	9.98E-02	1.00087	kmers	1.84E-01	3.86E-02	HP1243	Blood group antigen binding adhesin BabA
26695_1318816_A_T	26695	1318816	1318816	A>T	1.03E-01	0.987163	kmers	1.71E-01	4.09E-02	HP1243	Blood group antigen binding adhesin BabA
26695_1318437_A_T	26695	1318437	1318437	A>T	1.04E-01	0.982967	kmers	3.53E-01	3.30E-02	HP1243	Blood group antigen binding adhesin BabA
26695_1318321_A_T	26695	1318321	1318321	A>T	1.05E-01	0.978811	kmers	6.36E-02	5.86E-02	HP1243	Blood group antigen binding adhesin BabA
26695_1318111_A_T	26695	1318111	1318111	A>T	1.09E-01	0.962574	kmers	3.44E-01	3.03E-02	HP1243	Blood group antigen binding adhesin BabA
26695_1318106_A_T	26695	1318106	1318106	A>T	1.13E-01	0.946922	kmers	3.45E-01	2.98E-02	HP1243	Blood group antigen binding adhesin BabA
26695_1318672_A_T	26695	1318672	1318672	A>T	1.13E-01	0.946922	kmers	5.82E-02	6.38E-02	HP1243	Blood group antigen binding adhesin BabA
26695_1318108_A_T	26695	1318108	1318108	A>T	1.13E-01	0.946922	kmers	3.45E-01	2.98E-02	HP1243	Blood group antigen binding adhesin BabA
26695_1320039_A_T	26695	1320039	1320039	A>T	1.17E-01	0.931814	kmers	2.64E-01	-3.64E-02	HP1243	Blood group antigen binding adhesin BabA
26695_1318349_A_T	26695	1318349	1318349	A>T	1.17E-01	0.931814	kmers	2.11E-01	-3.69E-02	HP1243	Blood group antigen binding adhesin BabA
26695_1318348_A_T	26695	1318348	1318348	A>T	1.19E-01	0.924453	kmers	1.35E-01	-4.44E-02	HP1243	Blood group antigen binding adhesin BabA
26695_1318171_A_T	26695	1318171	1318171	A>T	1.22E-01	0.91364	kmers	7.96E-01	3.36E-02	HP1243	Blood group antigen binding adhesin BabA
26695_1319892_A_T	26695	1319892	1319892	A>T	1.23E-01	0.910095	kmers	2.27E-01	3.79E-02	HP1243	Blood group antigen binding adhesin BabA
26695_1318313_A_T	26695	1318313	1318313	A>T	1.25E-01	0.90309	kmers	1.02E-01	4.62E-02	HP1243	Blood group antigen binding adhesin BabA
26695_1319304_A_T	26695	1319304	1319304	A>T	1.27E-01	0.896196	kmers	4.91E-02	5.44E-02	HP1243	Blood group antigen binding adhesin BabA
26695_1320037_A_T	26695	1320037	1320037	A>T	1.28E-01	0.89279	kmers	2.62E-01	-3.53E-02	HP1243	Blood group antigen binding adhesin BabA
26695_1319302_A_T	26695	1319302	1319302	A>T	1.34E-01	0.872895	kmers	4.55E-02	5.51E-02	HP1243	Blood group antigen binding adhesin BabA
26695_1319065_A_T	26695	1319065	1319065	A>T	1.35E-01	0.869666	kmers	1.15E-01	3.88E-02	HP1243	Blood group antigen binding adhesin BabA
26695_1318610_A_T	26695	1318610	1318610	A>T	1.36E-01	0.866461	kmers	1.69E-01	3.87E-02	HP1243	Blood group antigen binding adhesin BabA
26695_1320026_A_T	26695	1320026	1320026	A>T	1.36E-01	0.866461	kmers	3.11E-01	-3.32E-02	HP1243	Blood group antigen binding adhesin BabA
26695_1319491_A_T	26695	1319491	1319491	A>T	1.36E-01	0.866461	kmers	3.82E-02	6.90E-02	HP1243	Blood group antigen binding adhesin BabA
26695_1319487_A_T	26695	1319487	1319487	A>T	1.39E-01	0.856985	kmers	5.82E-02	5.74E-02	HP1243	Blood group antigen binding adhesin BabA
26695_1319486_A_T	26695	1319486	1319486	A>T	1.39E-01	0.856985	kmers	5.82E-02	5.74E-02	HP1243	Blood group antigen binding adhesin BabA
26695_1319484_A_T	26695	1319484	1319484	A>T	1.39E-01	0.856985	kmers	5.82E-02	5.74E-02	HP1243	Blood group antigen binding adhesin BabA
26695_1319488_A_T	26695	1319488	1319488	A>T	1.39E-01	0.856985	kmers	5.82E-02	5.74E-02	HP1243	Blood group antigen binding adhesin BabA
26695_1317979_A_T	26695	1317979	1317979	A>T	1.40E-01	0.853872	kmers	8.18E-02	5.17E-02	HP1243	Blood group antigen binding adhesin BabA
26695_1320027_A_T	26695	1320027	1320027	A>T	1.41E-01	0.850781	kmers	3.09E-01	-3.28E-02	HP1243	Blood group antigen binding adhesin BabA
26695_1320036_A_T	26695	1320036	1320036	A>T	1.42E-01	0.847712	kmers	2.73E-01	-3.37E-02	HP1243	Blood group antigen binding adhesin BabA
26695_1319194_A_T	26695	1319194	1319194	A>T	1.49E-01	0.826814	kmers	2.31E-01	3.26E-02	HP1243	Blood group antigen binding adhesin BabA
26695_1319195_A_T	26695	1319195	1319195	A>T	1.49E-01	0.826814	kmers	2.31E-01	3.26E-02	HP1243	Blood group antigen binding adhesin BabA
26695_1318291_A_T	26695	1318291	1318291	A>T	1.51E-01	0.821023	kmers	2.62E-01	3.06E-02	HP1243	Blood group antigen binding adhesin BabA
26695_1318294_A_T	26695	1318294	1318294	A>T	1.51E-01	0.821023	kmers	2.62E-01	3.06E-02	HP1243	Blood group antigen binding adhesin BabA
26695_1318258_A_T	26695	1318258	1318258	A>T	1.53E-01	0.815309	kmers	1.89E-01	3.31E-02	HP1243	Blood group antigen binding adhesin BabA
26695_1317972_A_T	26695	1317972	1317972	A>T	1.57E-01	0.8041	kmers	8.55E-02	4.85E-02	HP1243	Blood group antigen binding adhesin BabA
26695_1318298_A_T	26695	1318298	1318298	A>T	1.64E-01	0.785156	kmers	2.75E-01	2.94E-02	HP1243	Blood group antigen binding adhesin BabA
26695_1318595_A_T	26695	1318595	1318595	A>T	1.70E-01	0.769551	kmers	7.64E-02	4.58E-02	HP1243	Blood group antigen binding adhesin BabA
26695_1318463_A_T	26695	1318463	1318463	A>T	1.71E-01	0.767004	kmers	1.65E-01	3.33E-02	HP1243	Blood group antigen binding adhesin BabA
26695_1319944_A_T	26695	1319944	1319944	A>T	1.72E-01	0.764472	kmers	5.15E-01	2.77E-02	HP1243	Blood group antigen binding adhesin BabA
26695_1318295_A_T	26695	1318295	1318295	A>T	1.76E-01	0.754487	kmers	2.73E-01	2.86E-02	HP1243	Blood group antigen binding adhesin BabA
26695_1318346_A_T	26695	1318346	1318346	A>T	1.79E-01	0.747147	kmers	1.60E-01	-3.49E-02	HP1243	Blood group antigen binding adhesin BabA
26695_1318597_A_T	26695	1318597	1318597	A>T	1.82E-01	0.739929	kmers	7.64E-02	4.48E-02	HP1243	Blood group antigen binding adhesin BabA
26695_1318437_A_T	26695	1318437	1318437	A>T	1.87E-01	0.728158	kmers	1.75E-01	3.35E-02	HP1243	Blood group antigen binding adhesin BabA
26695_1320009_A_T	26695	1320009	1320009	A>T	1.94E-01	0.712198	kmers	2.73E-01	2.57E-02	HP1243	Blood group antigen binding adhesin BabA
26695_1318636_A_T	26695	1318636	1318636	A>T	1.99E-01	0.701147	kmers	2.44E-01	2.80E-02	HP1243	Blood group antigen binding adhesin BabA
26695_1318411_A_T	26695	1318411	1318411	A>T	2.01E-01	0.696804	kmers	1.29E-01	3.37E-02	HP1243	Blood group antigen binding adhesin BabA
26695_1318412_A_T	26695	1318412	1318412	A>T	2.01E-01	0.696804	kmers	1.29E-01	3.37E-02	HP1243	Blood group antigen binding adhesin BabA
26695_1319305_A_T	26695	1319305	1319305	A>T	2.02E-01	0.694649	kmers	4.18E-02	4.74E-02	HP1243	Blood group antigen binding adhesin BabA
26695_1317862_A_T	26695	1317862	1317862	A>T	2.03E-01	0.692504	kmers	6.51E-01	-2.55E-02	HP1243	Blood group antigen binding adhesin BabA
26695_1318432_A_T	26695	1318432	1318432	A>T	2.04E-01	0.69037	kmers	6.91E-02	-4.51E-02	HP1243	Blood group antigen binding adhesin BabA
26695_1317905_A_T	26695	1317905	1317905	A>T	2.06E-01	0.686133	kmers	1.75E-01	-3.18E-02	HP1243	Blood group antigen binding adhesin BabA
26695_1320030_A_T	26695	1320030	1320030	A>T	2.12E-01	0.673664	kmers	3.05E-01	-2.76E-02	HP1243	Blood group antigen binding adhesin BabA
26695_1319197_A_T	26695	1319197	1319197	A>T	2.13E-01	0.67162	kmers	4.55E-02	4.95E-02	HP1243	Blood group antigen binding adhesin BabA
26695_1319707_A_T	26695	1319707	1319707	A>T	2.16E-01	0.665546	kmers	9.64E-02	3.60E-02	HP1243	Blood group antigen binding adhesin BabA
26695_1317865_A_T	26695	1317865	1317865	A>T	2.16E-01	0.665546	kmers	6.49E-01	-2.44E-02	HP1243	Blood group antigen binding adhesin BabA
26695_1320013_A_T	26695	1320013	1320013	A>T	2.17E-01	0.66354	kmers	2.71E-01	2.44E-02	HP1243	Blood group antigen binding adhesin BabA
26695_1320011_A_T	26695	1320011	1320011	A>T	2.17E-01	0.66354	kmers	2.71E-01	2.44E-02	HP1243	Blood group antigen binding adhesin BabA
26695_1318306_A_T	26695	1318306	1318306	A>T	2.23E-01	0.651695	kmers	1.76E-01	2.91E-02	HP1243	Blood group antigen binding adhesin BabA
26695_1318421_A_T	26695	1318421	1318421	A>T	2.23E-01	0.651695	kmers	1.36E-01	3.24E-02	HP1243	Blood group antigen binding adhesin BabA
26695_1317901_A_T	26695	1317901	1317901	A>T	2.25E-01	0.647817	kmers	5.09E-02	-5.00E-02	HP1243	Blood group antigen binding adhesin BabA
26695_1320016_A_T	26695	1320016	1320016	A>T	2.27E-01	0.643974	kmers	3.44E-01	-2.57E-02	HP1243	Blood group antigen binding adhesin BabA
26695_1318112_A_T	26695	1318112	1318112	A>T	2.31E-01	0.636388	kmers	3.64E-01	2.27E-02	HP1243	Blood group antigen binding adhesin BabA
26695_1318310_A_T	26695	1318310	1318310	A>T	2.32E-01	0.634512	kmers	2.11E-01	2.69E-02	HP1243	Blood group antigen binding adhesin BabA
26695_1318534_A_T	26695	1318534	1318534	A>T	2.34E-01	0.630784	kmers	7.45E-02	4.50E-02	HP1243	Blood group antigen binding adhesin BabA
26695_1318600_A_T	26695	1318600	1318600	A>T	2.37E-01	0.625252	kmers	6.00E-02	4.49E-02	HP1243	Blood group antigen binding adhesin BabA
26695_1319210_A_T	26695	1319210	1319210	A>T	2.45E-01	0.610834	kmers	1.18E-01	3.26E-02	HP1243	Blood group antigen binding adhesin BabA
26695_1318118_A_T	26695	1318118	1318118	A>T	2.48E-01	0.605548	kmers	3.25E-01	2.20E-02	HP1243	Blood group antigen binding adhesin BabA
26695_1318119_A_T	26695	1318119	1318119	A>T	2.48E-01	0.605548	kmers	3.25E-01	2.20E-02	HP1243	Blood group antigen binding adhesin BabA
26695_1318459_A_T	26695	1318459	1318459	A>T	2.48E-01	0.605548	kmers	1.65E-01	2.79E-02	HP1243	Blood group antigen binding adhesin BabA
26695_1318634_A_T	26695	1318634	1318634	A>T	2.53E-01	0.596879	kmers	2.15E-01	2.65E-02	HP1243	Blood group antigen binding adhesin BabA
26695_1317838_A_T	26695	1317838	1317838	A>T	2.54E-01	0.595166	kmers	1.40E-01	-2.87E-02	HP1243	Blood group antigen binding adhesin BabA
26695_1318432_A_T	26695	1318432	1318432	A>T	2.58E-01	0.58838	kmers	1.00E-01	3.22E-02	HP1243	Blood group antigen binding adhesin BabA
26695_1317918_A_T	26695	1317918	1317918	A>T	2.61E-01	0.583359	kmers	1.22E-01	3.29E-02	HP1243	Blood group antigen binding adhesin BabA
26695_1317844_A_T	26695	1317844	1317844	A>T	2.64E-01	0.578396	kmers	9.82E-02	-3.30E-02	HP1243	Blood group antigen binding adhesin BabA
26695_1319593_A_T	26695	1319593	1319593	A>T	2.70E-01	0.568636	kmers	1.00E-01	3.32E-02	HP1243	Blood group antigen binding adhesin BabA
26695_1319914_A_T	26695	1319914	1319914	A>T	2.81E-01	0.551294	kmers	2.76E-01	2.16E-02	HP1243	Blood group antigen binding adhesin BabA
26695_1319879_A_T	26695	1319879	1319879	A>T	2.91E-01	0.536107	kmers	4.38E-01	2.07E-02	HP1243	Blood group antigen binding adhesin BabA
26695_1318219_A_T	26695	1318219	1318219	A>T	2.92E-01	0.534617	kmers	1.47E-01	2.75E-02	HP1243	Blood group antigen binding adhesin BabA
26695_1318181_A_T	26695	1318181	1318181	A>T	2.93E-01	0.533132	kmers	1.89E-01	2.28E-02	HP1243	Blood group antigen binding adhesin BabA
26695_1318632_A_T	26695	1318632	1318632	A>T	2.95E-01	0.530178	kmers	2.42E-01	2.26E-02	HP1243	Blood group antigen binding adhesin BabA
26695_1318552_A_T	26695	1318552	1318552	A>T	2.96E-01	0.528708	kmers	1.78E-01	-2.42E-02	HP1243	Blood group antigen binding adhesin BabA
26695_1318184_A_T	26695	1318184	1318184	A>T	2.98E-01	0.525784	kmers	1.76E-01	2.30E-02	HP1243	Blood group antigen binding adhesin BabA
26695_1319878_A_T	26695	1319878	1319878	A>T	3.00E-01	0.522879	kmers	4.40E-01	2.03E-02	HP1243	Blood group antigen binding adhesin BabA
26695_1319969_A_T	26695	1319969	1319969	A>T	3.01E-01	0.521434	kmers	5.80E-01	-1.94E-02	HP1243	Blood group antigen binding adhesin BabA
26695_1318405_A_T	26695	1318405	1318405	A>T	3.04E-01	0.517126	kmers	5.45E-02	3.74E-02	HP1243	Blood group antigen binding adhesin BabA
26695_1319713_A_T	26695	1319713	1319713	A>T	3.04E-01	0.517126	kmers	1.44E-01	2.61E-02	HP1243	Blood group antigen binding adhesin BabA
26695_1319877_A_T	26695	1319877	1319877	A>T	3.04E-01	0.517126	kmers	4.44E-01	2.01E-02	HP1243	Blood group antigen binding adhesin BabA
26695_1319876_A_T	26695	1319876	1319876	A>T	3.05E-01	0.5157	kmers	4.42E-01	2.00E-02	HP1243	Blood group antigen binding adhesin BabA
26695_1319576_A_T	26695	1319576	1319576	A>T	3.06E-01	0.514279	kmers	5.27E-02	4.22E-02	HP1243	Blood group antigen binding adhesin BabA
26695_1318546_A_T	26695	1318546	1318546	A>T	3.06E-01	0.514279	kmers	2.31E-01	-2.22E-02	HP1243	Blood group antigen binding adhesin BabA
26695_1319962_A_T	26695	1319962	1319962	A>T	3.09E-01	0.510042	kmers	5.87E-01	-1.91E-02	HP1243	Blood group antigen binding adhesin BabA
26695_1318406_A_T	26695	1318406	1318406	A>T	3.09E-01	0.510042	kmers	6.73E-02	3.46E-02	HP1243	Blood group antigen binding adhesin BabA
26695_1318225_A_T	26695	1318225	1318225	A>T	3.18E-01	0.497573	kmers	1.36E-01	2.67E-02	HP1243	Blood group antigen binding adhesin BabA
26695_1318618_A_T	26695	1318618	1318618	A>T	3.19E-01	0.496209	kmers	6.73E-02	3.69E-02	HP1243	Blood group antigen binding adhesin BabA
26695_1318415_A_T	26695	1318415	1318415	A>T	3.20E-01	0.49485	kmers	1.27E-01	2.64E-02	HP1243	Blood group antigen binding adhesin BabA
26695_1317866_A_T	26695	1317866	1317866	A>T	3.21E-01	0.493495	kmers	6.47E-01	-1.95E-02	HP1243	Blood group antigen binding adhesin BabA
26695_1318049_A_T	26695	1318049	1318049	A>T	3.22E-01	0.492144	kmers	1.64E-01	2.56E-02	HP1243	Blood group antigen binding adhesin BabA
26695_1318105_A_T	26695	1318105	1318105	A>T	3.24E-01	0.489455	kmers	3.04E-01	1.92E-02	HP1243	Blood group antigen binding adhesin BabA
26695_1318019_A_T	26695	1318019	1318019	A>T	3.28E-01	0.484126	kmers	1.96E-01	-2.24E-02	HP1243	Blood group antigen binding adhesin BabA
26695_1319967_A_T	26695	1319967	1319967	A>T	3.28E-01	0.484126	kmers	5.95E-01	-1.85E-02	HP1243	Blood group antigen binding adhesin BabA
26695_1319963_A_T	26695	1319963	1319963	A>T	3.28E-01	0.484126	kmers	5.96E-01	-1.85E-02	HP1243	Blood group antigen binding adhesin BabA
26695_1319192_A_T	26695	1319192	1319192	A>T	3.30E-01	0.481486	kmers	2.55E-01	2.15E-02	HP1243	Blood group antigen binding adhesin BabA
26695_1319884_A_T	26695	1319884	1319884	A>T	3.32E-01	0.478862	kmers	4.24E-01	1.91E-02	HP1243	Blood group antigen binding adhesin BabA
26695_1318414_A_T	26695	1318414	1318414	A>T	3.34E-01	0.476254	kmers	1.25E-01	2.58E-02	HP1243	Blood group antigen binding adhesin BabA
26695_1319883_A_T	26695	1319883	1319883	A>T	3.40E-01	0.468521	kmers	4.25E-01	1.87E-02	HP1243	Blood group antigen binding adhesin BabA
26695_1319881_A_T	26695	1319881	1319881	A>T	3.40E-01	0.468521	kmers	4.25E-01	1.87E-02	HP1243	Blood group antigen binding adhesin BabA
26695_1318180_A_T	26695	1318180	1318180	A>T	3.43E-01	0.464706	kmers	1.73E-01	2.16E-02	HP1243	Blood group antigen binding adhesin BabA
26695_1319994_A_T	26695	1319994	1319994	A>T	3.46E-01	0.460924	kmers	2.29E-01	1.95E-02	HP1243	Blood group antigen binding adhesin BabA
26695_1319995_A_T	26695	1319995	1319995	A>T	3.46E-01	0.460924	kmers	2.27E-01	1.95E-02	HP1243	Blood group antigen binding adhesin BabA
26695_1319999_A_T	26695	1319999	1319999	A>T	3.48E-01	0.458421	kmers	2.35E-01	1.93E-02	HP1243	Blood group antigen binding adhesin BabA
26695_1318261_A_T	26695	1318261	1318261	A>T	3.49E-01	0.457175	kmers	4.24E-01	1.71E-02	HP1243	Blood group antigen binding adhesin BabA
26695_1320023_A_T	26695	1320023	1320023	A>T	3.51E-01	0.454693	kmers	3.49E-01	-2.02E-02	HP1243	Blood group antigen binding adhesin BabA
26695_1320018_A_T	26695	1320018	1320018	A>T	3.51E-01	0.454693	kmers	3.49E-01	-2.02E-02	HP1243	Blood group antigen binding adhesin BabA
26695_1320020_A_T	26695	1320020	1320020	A>T	3.51E-01	0.454693	kmers	3.49E-01	-2.02E-02	HP1243	Blood group antigen binding adhesin BabA
26695_1318115_A_T	26695	1318115	1318115	A>T	3.52E-01	0.453457	kmers	3.58E-01	1.74E-02	HP1243	Blood group antigen binding adhesin BabA
26695_1320017_A_T	26695	1320017	1320017	A>T	3.54E-01	0.450997	kmers	3.56E-01	-1.95E-02	HP1243	Blood group antigen binding adhesin BabA
26695_1319987_A_T	26695	1319987	1319987	A>T	3.63E-01	0.440093	kmers	1.69E-01	2.20E-02	HP1243	Blood group antigen binding adhesin BabA
26695_1319988_A_T	26695	1319988	1319988	A>T	3.63E-01	0.440093	kmers	1.69E-01	2.20E-02	HP1243	Blood group antigen binding adhesin BabA
26695_1319986_A_T	26695	1319986	1319986	A>T	3.63E-01	0.440093	kmers	1.69E-01	2.20E-02	HP1243	Blood group antigen binding adhesin BabA
26695_1319989_A_T	26695	1319989	1319989	A>T	3.63E-01	0.440093	kmers	1.71E-01	2.20E-02	HP1243	Blood group antigen binding adhesin BabA
26695_1319065_A_T	26695	1319065	1319065	A>T	3.66E-01	0.436519	kmers	6.18E-02	3.22E-02	HP1243	Blood group antigen binding adhesin BabA
26695_1317916_A_T	26695	1317916	1317916	A>T	3.67E-01	0.435334	kmers	2.71E-01	-1.85E-02	HP1243	Blood group antigen binding adhesin BabA
26695_1319201_A_T	26695	1319201	1319201	A>T	3.68E-01	0.434152	kmers	1.78E-01	2.44E-02	HP1243	Blood group antigen binding adhesin BabA
26695_1319822_A_T	26695	1319822	1319822	A>T	3.73E-01	0.428291	kmers	2.27E-01	2.01E-02	HP1243	Blood group antigen binding adhesin BabA
26695_1318315_A_T	26695	1318315	1318315	A>T	3.74E-01	0.427128	kmers	5.82E-02	3.46E-02	HP1243	Blood group antigen binding adhesin BabA
26695_1319197_A_T	26695	1319197	1319197	A>T	3.79E-01	0.421361	kmers	1.82E-01	2.37E-02	HP1243	Blood group antigen binding adhesin BabA
26695_1319200_A_T	26695	1319200	1319200	A>T	3.81E-01	0.419075	kmers	1.80E-01	2.38E-02	HP1243	Blood group antigen binding adhesin BabA
26695_1318232_A_T	26695	1318232	1318232	A>T	3.84E-01	0.415669	kmers	5.82E-02	-3.46E-02	HP1243	Blood group antigen binding adhesin BabA
26695_1319172_A_T	26695	1319172	1319172	A>T	3.86E-01	0.413413	kmers	4.55E-02	3.94E-02	HP1243	Blood group antigen binding adhesin BabA
26695_1319171_A_T	26695	1319171	1319171	A>T	3.86E-01	0.413413	kmers	4.55E-02	3.94E-02	HP1243	Blood group antigen binding adhesin BabA
26695_1318277_A_T	26695	1318277	1318277	A>T	3.87E-01	0.412289	kmers	9.04E-01	2.51E-02	HP1243	Blood group antigen binding adhesin BabA
26695_1318450_A_T	26695	1318450	1318450	A>T	3.88E-01	0.411168	kmers	1.71E-01	2.05E-02	HP1243	Blood group antigen binding adhesin BabA
26695_1320003_A_T	26695	1320003	1320003	A>T	3.95E-01	0.403403	kmers	2.33E-01	1.75E-02	HP1243	Blood group antigen binding adhesin BabA
26695_1320006_A_T	26695	1320006	1320006	A>T	3.96E-01	0.402305	kmers	2.35E-01	1.75E-02	HP1243	Blood group antigen binding adhesin BabA
26695_1318322_A_T	26695	1318322	1318322	A>T	3.97E-01	0.401209	kmers	1.00E-01	2.52E-02	HP1243	Blood group antigen binding adhesin BabA
26695_1319818_A_T	26695	1319818	1319818	A>T	4.00E-01	0.39794	kmers	2.25E-01	1.90E-02	HP1243	Blood group antigen binding adhesin BabA
26695_1318268_A_T	26695	1318268	1318268	A>T	4.00E-01	0.39794	kmers	5.20E-01	1.54E-02	HP1243	Blood group antigen binding adhesin BabA
26695_1318400_A_T	26695	1318400	1318400	A>T	4.02E-01	0.395774	kmers	2.11E-01	1.97E-02	HP1243	Blood group antigen binding adhesin BabA
26695_1317917_A_T	26695	1317917	1317917	A>T	4.06E-01	0.391474	kmers	2.80E-01	-1.69E-02	HP1243	Blood group antigen binding adhesin BabA
26695_1318924_A_T	26695	1318924	1318924	A>T	4.08E-01	0.38934	kmers	8.18E-02	2.66E-02	HP1243	Blood group antigen binding adhesin BabA
26695_1318556_A_T	26695	1318556	1318556	A>T	4.10E-01	0.387216	kmers	2.15E-01	-1.79E-02	HP1243	Blood group antigen binding adhesin BabA
26695_1318493_A_T	26695	1318493	1318493	A>T	4.13E-01	0.38405	kmers	6.36E-02	3.23E-02	HP1243	Blood group antigen binding adhesin BabA
26695_1319824_A_T	26695	1319824	1319824	A>T	4.15E-01	0.381952	kmers	1.11E-01	2.45E-02	HP1243	Blood group antigen binding adhesin BabA
26695_1318772_A_T	26695	1318772	1318772	A>T	4.15E-01	0.381952	kmers	1.25E-01	2.21E-02	HP1243	Blood group antigen binding adhesin BabA
26695_1318775_A_T	26695	1318775	1318775	A>T	4.21E-01	0.375718	kmers	1.27E-01	2.16E-02	HP1243	Blood group antigen binding adhesin BabA
26695_1318774_A_T	26695	1318774	1318774	A>T	4.24E-01	0.372634	kmers	1.24E-01	2.18E-02	HP1243	Blood group antigen binding adhesin BabA
26695_1319912_A_T	26695	1319912	1319912	A>T	4.26E-01	0.37059	kmers	3.51E-01	1.55E-02	HP1243	Blood group antigen binding adhesin BabA
26695_1318633_A_T	26695	1318633	1318633	A>T	4.27E-01	0.369572	kmers	2.36E-01	1.73E-02	HP1243	Blood group antigen binding adhesin BabA
26695_1319191_A_T	26695	1319191	1319191	A>T	4.32E-01	0.364516	kmers	2.47E-01	1.75E-02	HP1243	Blood group antigen binding adhesin BabA
26695_1318240_A_T	26695	1318240	1318240	A>T	4.37E-01	0.359519	kmers	2.16E-01	1.73E-02	HP1243	Blood group antigen binding adhesin BabA
26695_1319815_A_T	26695	1319815	1319815	A>T	4.40E-01	0.356547	kmers	1.62E-01	-1.94E-02	HP1243	Blood group antigen binding adhesin BabA
26695_1318776_A_T	26695	1318776	1318776	A>T	4.49E-01	0.347754	kmers	1.35E-01	2.01E-02	HP1243	Blood group antigen binding adhesin BabA
26695_1319713_A_T	26695	1319713	1319713	A>T	4.51E-01	0.345823	kmers	6.73E-02	-2.66E-02	HP1243	Blood group antigen binding adhesin BabA
26695_1319920_A_T	26695	1319920	1319920	A>T	4.54E-01	0.342944	kmers	3.20E-01	1.46E-02	HP1243	Blood group antigen binding adhesin BabA
26695_1318402_A_T	26695	1318402	1318402	A>T	4.69E-01	0.328827	kmers	6.91E-02	2.45E-02	HP1243	Blood group antigen binding adhesin BabA
26695_1318777_A_T	26695	1318777	1318777	A>T	4.71E-01	0.326979	kmers	1.65E-01	1.79E-02	HP1243	Blood group antigen binding adhesin BabA
26695_1318276_A_T	26695	1318276	1318276	A>T	4.73E-01	0.325139	kmers	7.58E-01	1.45E-02	HP1243	Blood group antigen binding adhesin BabA
26695_1318267_A_T	26695	1318267	1318267	A>T	4.79E-01	0.319664	kmers	4.55E-01	1.24E-02	HP1243	Blood group antigen binding adhesin BabA
26695_1318778_A_T	26695	1318778	1318778	A>T	4.82E-01	0.316953	kmers	1.73E-01	1.73E-02	HP1243	Blood group antigen binding adhesin BabA
26695_1317851_A_T	26695	1317851	1317851	A>T	4.84E-01	0.315155	kmers	6.73E-02	2.35E-02	HP1243	Blood group antigen binding adhesin BabA
26695_1318190_A_T	26695	1318190	1318190	A>T	4.92E-01	0.308035	kmers	1.95E-01	1.47E-02	HP1243	Blood group antigen binding adhesin BabA
26695_1319190_A_T	26695	1319190	1319190	A>T	4.93E-01	0.307153	kmers	1.96E-01	1.46E-02	HP1243	Blood group antigen binding adhesin BabA
26695_1318187_A_T	26695	1318187	1318187	A>T	4.93E-01	0.307153	kmers	1.80E-01	1.51E-02	HP1243	Blood group antigen binding adhesin BabA
26695_1318196_A_T	26695	1318196	1318196	A>T	5.01E-01	0.300162	kmers	1.22E-01	1.75E-02	HP1243	Blood group antigen binding adhesin BabA
26695_1317934_A_T	26695	1317934	1317934	A>T	5.03E-01	0.298432	kmers	1.85E-01	1.61E-02	HP1243	Blood group antigen binding adhesin BabA
26695_1318826_A_T	26695	1318826	1318826	A>T	5.06E-01	0.295849	kmers	7.82E-02	2.37E-02	HP1243	Blood group antigen binding adhesin BabA
26695_1318289_A_T	26695	1318289	1318289	A>T	5.08E-01	0.294136	kmers	5.42E-01	1.31E-02	HP1243	Blood group antigen binding adhesin BabA
26695_1317926_A_T	26695	1317926	1317926	A>T	5.09E-01	0.293282	kmers	5.82E-02	-2.60E-02	HP1243	Blood group antigen binding adhesin BabA
26695_1318635_A_T	26695	1318635	1318635	A>T	5.23E-01	0.281498	kmers	2.49E-01	1.35E-02	HP1243	Blood group antigen binding adhesin BabA
26695_1318266_A_T	26695	1318266	1318266	A>T	5.27E-01	0.278189	kmers	4.56E-01	1.11E-02	HP1243	Blood group antigen binding adhesin BabA
26695_1318367_A_T	26695	1318367	1318367	A>T	5.27E-01	0.278189	kmers	1.98E-01	-1.50E-02	HP1243	Blood group antigen binding adhesin BabA
26695_1318195_A_T	26695	1318195	1318195	A>T	5.27E-01	0.278189	kmers	1.20E-01	1.66E-02	HP1243	Blood group antigen binding adhesin BabA
26695_1318265_A_T	26695	1318265	1318265	A>T	5.27E-01	0.278189	kmers	4.56E-01	1.11E-02	HP1243	Blood group antigen binding adhesin BabA
26695_1318334_A_T	26695	1318334	1318334	A>T	5.29E-01	0.276544	kmers	6.55E-02	-2.35E-02	HP1243	Blood group antigen binding adhesin BabA
26695_1318271_A_T	26695	1318271	1318271	A>T	5.30E-01	0.275724	kmers	6.45E-01	1.14E-02	HP1243	Blood group antigen binding adhesin BabA
26695_1319960_A_T	26695	1319960	1319960	A>T	5.34E-01	0.272459	kmers	2.49E-01	-1.69E-02	HP1243	Blood group antigen binding adhesin BabA
26695_1319974_A_T	26695	1319974	1319974	A>T	5.38E-01	0.269218	kmers	5.95E-01	-1.16E-02	HP1243	Blood group antigen binding adhesin BabA
26695_1319899_A_T	26695	1319899	1319899	A>T	5.38E-01	0.269218	kmers	2.38E-01	1.49E-02	HP1243	Blood group antigen binding adhesin BabA
26695_1317841_A_T	26695	1317841	1317841	A>T	5.40E-01	0.267606	kmers	1.69E-01	-1.41E-02	HP1243	Blood group antigen binding adhesin BabA
26695_1319961_A_T	26695	1319961	1319961	A>T	5.44E-01	0.264401	kmers	5.89E-01	-1.15E-02	HP1243	Blood group antigen binding adhesin BabA
26695_1318272_A_T	26695	1318272	1318272	A>T	5.45E-01	0.263603	kmers	6.44E-01	1.10E-02	HP1243	Blood group antigen binding adhesin BabA
26695_1319902_A_T	26695	1319902	1319902	A>T	5.46E-01	0.262807	kmers	2.40E-01	1.46E-02	HP1243	Blood group antigen binding adhesin BabA
26695_1319900_A_T	26695	1319900	1319900	A>T	5.46E-01	0.262807	kmers	2.40E-01	1.46E-02	HP1243	Blood group antigen binding adhesin BabA
26695_1318090_A_T	26695	1318090	1318090	A>T	5.51E-01	0.258848	kmers	5.64E-02	-2.27E-02	HP1243	Blood group antigen binding adhesin BabA
26695_1319810_A_T	26695	1319810	1319810	A>T	5.51E-01	0.258848	kmers	1.73E-01	-1.47E-02	HP1243	Blood group antigen binding adhesin BabA
26695_1318770_A_T	26695	1318770	1318770	A>T	5.56E-01	0.254925	kmers	9.45E-02	1.79E-02	HP1243	Blood group antigen binding adhesin BabA
26695_1317848_A_T	26695	1317848	1317848	A>T	5.63E-01	0.249492	kmers	9.82E-02	1.67E-02	HP1243	Blood group antigen binding adhesin BabA
26695_1318207_A_T	26695	1318207	1318207	A>T	5.68E-01	0.245652	kmers	7.82E-02	1.82E-02	HP1243	Blood group antigen binding adhesin BabA
26695_1318262_A_T	26695	1318262	1318262	A>T	5.68E-01	0.245652	kmers	4.31E-01	1.04E-02	HP1243	Blood group antigen binding adhesin BabA
26695_1319942_A_T	26695	1319942	1319942	A>T	5.75E-01	0.240332	kmers	2.09E-01	-1.27E-02	HP1243	Blood group antigen binding adhesin BabA
26695_1319950_A_T	26695	1319950	1319950	A>T	5.77E-01	0.238824	kmers	6.36E-01	1.31E-02	HP1243	Blood group antigen binding adhesin BabA
26695_1319949_A_T	26695	1319949	1319949	A>T	5.80E-01	0.236572	kmers	6.35E-01	1.30E-02	HP1243	Blood group antigen binding adhesin BabA
26695_1319947_A_T	26695	1319947	1319947	A>T	5.80E-01	0.236572	kmers	6.35E-01	1.30E-02	HP1243	Blood group antigen binding adhesin BabA
26695_1319952_A_T	26695	1319952	1319952	A>T	5.83E-01	0.234331	kmers	6.42E-01	1.30E-02	HP1243	Blood group antigen binding adhesin BabA
26695_1317840_A_T	26695	1317840	1317840	A>T	5.88E-01	0.230623	kmers	1.71E-01	-1.24E-02	HP1243	Blood group antigen binding adhesin BabA
26695_1319918_A_T	26695	1319918	1319918	A>T	5.92E-01	0.227678	kmers	1.22E-01	-1.46E-02	HP1243	Blood group antigen binding adhesin BabA
26695_1319919_A_T	26695	1319919	1319919	A>T	5.92E-01	0.227678	kmers	1.22E-01	-1.46E-02	HP1243	Blood group antigen binding adhesin BabA
26695_1318048_A_T	26695	1318048	1318048	A>T	5.96E-01	0.224754	kmers	6.91E-02	-1.94E-02	HP1243	Blood group antigen binding adhesin BabA
26695_1318558_A_T	26695	1318558	1318558	A>T	5.97E-01	0.224026	kmers	2.05E-01	-1.17E-02	HP1243	Blood group antigen binding adhesin BabA
26695_1318334_A_T	26695	1318334	1318334	A>T	6.01E-01	0.221126	kmers	8.73E-02	-1.71E-02	HP1243	Blood group antigen binding adhesin BabA
26695_1317931_A_T	26695	1317931	1317931	A>T	6.01E-01	0.221126	kmers	5.09E-02	-2.19E-02	HP1243	Blood group antigen binding adhesin BabA
26695_1317938_A_T	26695	1317938	1317938	A>T	6.01E-01	0.221126	kmers	1.20E-01	1.50E-02	HP1243	Blood group antigen binding adhesin BabA
26695_1319941_A_T	26695	1319941	1319941	A>T	6.02E-01	0.220404	kmers	2.02E-01	-1.19E-02	HP1243	Blood group antigen binding adhesin BabA
26695_1318280_A_T	26695	1318280	1318280	A>T	6.05E-01	0.218245	kmers	7.29E-01	1.02E-02	HP1243	Blood group antigen binding adhesin BabA
26695_1318281_A_T	26695	1318281	1318281	A>T	6.05E-01	0.218245	kmers	7.29E-01	1.02E-02	HP1243	Blood group antigen binding adhesin BabA
26695_1318336_A_T	26695	1318336	1318336	A>T	6.12E-01	0.213249	kmers	8.55E-02	-1.68E-02	HP1243	Blood group antigen binding adhesin BabA
26695_1317884_A_T	26695	1317884	1317884	A>T	6.14E-01	0.211832	kmers	2.45E-01	-1.08E-02	HP1243	Blood group antigen binding adhesin BabA
26695_1318186_A_T	26695	1318186	1318186	A>T	6.16E-01	0.210419	kmers	2.11E-01	1.03E-02	HP1243	Blood group antigen binding adhesin BabA
26695_1319908_A_T	26695	1319908	1319908	A>T	6.19E-01	0.208309	kmers	2.62E-01	1.16E-02	HP1243	Blood group antigen binding adhesin BabA
26695_1319909_A_T	26695	1319909	1319909	A>T	6.19E-01	0.208309	kmers	2.62E-01	1.16E-02	HP1243	Blood group antigen binding adhesin BabA
26695_1317867_A_T	26695	1317867	1317867	A>T	6.24E-01	0.204815	kmers	6.05E-01	-8.81E-03	HP1243	Blood group antigen binding adhesin BabA
26695_1319938_A_T	26695	1319938	1319938	A>T	6.27E-01	0.202732	kmers	1.96E-01	-1.12E-02	HP1243	Blood group antigen binding adhesin BabA
26695_1318273_A_T	26695	1318273	1318273	A>T	6.32E-01	0.199283	kmers	7.27E-02	1.70E-02	HP1243	Blood group antigen binding adhesin BabA
26695_1318264_A_T	26695	1318264	1318264	A>T	6.38E-01	0.195179	kmers	6.91E-02	1.70E-02	HP1243	Blood group antigen binding adhesin BabA
26695_1318046_A_T	26695	1318046	1318046	A>T	6.41E-01	0.193142	kmers	2.07E-01	-1.10E-02	HP1243	Blood group antigen binding adhesin BabA
26695_1319911_A_T	26695	1319911	1319911	A>T	6.46E-01	0.189767	kmers	8.00E-02	1.53E-02	HP1243	Blood group antigen binding adhesin BabA
26695_1318324_A_T	26695	1318324	1318324	A>T	6.50E-01	0.187087	kmers	7.27E-02	1.58E-02	HP1243	Blood group antigen binding adhesin BabA
26695_1318038_A_T	26695	1318038	1318038	A>T	6.56E-01	0.183096	kmers	4.00E-02	-2.04E-02	HP1243	Blood group antigen binding adhesin BabA
26695_1317854_A_T	26695	1317854	1317854	A>T	6.60E-01	0.180456	kmers	6.00E-02	1.54E-02	HP1243	Blood group antigen binding adhesin BabA
26695_1319953_A_T	26695	1319953	1319953	A>T	6.70E-01	0.173925	kmers	6.31E-01	9.87E-03	HP1243	Blood group antigen binding adhesin BabA
26695_1318096_A_T	26695	1318096	1318096	A>T	6.97E-01	0.156767	kmers	5.82E-02	-1.49E-02	HP1243	Blood group antigen binding adhesin BabA
26695_1318226_A_T	26695	1318226	1318226	A>T	6.98E-01	0.156145	kmers	2.55E-01	-8.44E-03	HP1243	Blood group antigen binding adhesin BabA
26695_1318258_A_T	26695	1318258	1318258	A>T	7.24E-01	0.140261	kmers	2.67E-01	-7.27E-03	HP1243	Blood group antigen binding adhesin BabA
26695_1317871_A_T	26695	1317871	1317871	A>T	7.25E-01	0.139662	kmers	5.02E-01	-6.32E-03	HP1243	Blood group antigen binding adhesin BabA
26695_1317869_A_T	26695	1317869	1317869	A>T	7.25E-01	0.139662	kmers	5.04E-01	-6.32E-03	HP1243	Blood group antigen binding adhesin BabA
26695_1317883_A_T	26695	1317883	1317883	A>T	7.39E-01	0.131356	kmers	4.40E-01	6.20E-03	HP1243	Blood group antigen binding adhesin BabA
26695_1317895_A_T	26695	1317895	1317895	A>T	7.40E-01	0.130768	kmers	1.64E-01	8.10E-03	HP1243	Blood group antigen binding adhesin BabA
26695_1319602_A_T	26695	1319602	1319602	A>T	7.42E-01	0.129596	kmers	1.22E-01	8.93E-03	HP1243	Blood group antigen binding adhesin BabA
26695_1319221_A_T	26695	1319221	1319221	A>T	7.44E-01	0.128427	kmers	9.64E-02	1.03E-02	HP1243	Blood group antigen binding adhesin BabA
26695_1317932_A_T	26695	1317932	1317932	A>T	7.47E-01	0.126679	kmers	2.11E-01	7.41E-03	HP1243	Blood group antigen binding adhesin BabA
26695_1318228_A_T	26695	1318228	1318228	A>T	7.49E-01	0.125518	kmers	1.45E-01	-8.33E-03	HP1243	Blood group antigen binding adhesin BabA
26695_1319982_A_T	26695	1319982	1319982	A>T	7.54E-01	0.122629	kmers	5.00E-01	-5.63E-03	HP1243	Blood group antigen binding adhesin BabA
26695_1318263_A_T	26695	1318263	1318263	A>T	7.63E-01	0.117475	kmers	4.73E-01	5.43E-03	HP1243	Blood group antigen binding adhesin BabA
26695_1318039_A_T	26695	1318039	1318039	A>T	7.67E-01	0.115205	kmers	9.09E-02	9.05E-03	HP1243	Blood group antigen binding adhesin BabA
26695_1317887_A_T	26695	1317887	1317887	A>T	7.71E-01	0.112946	kmers	2.25E-01	-6.33E-03	HP1243	Blood group antigen binding adhesin BabA
26695_1318100_A_T	26695	1318100	1318100	A>T	7.79E-01	0.108463	kmers	9.82E-02	8.61E-03	HP1243	Blood group antigen binding adhesin BabA
26695_1319887_A_T	26695	1319887	1319887	A>T	7.83E-01	0.106238	kmers	5.64E-02	1.00E-02	HP1243	Blood group antigen binding adhesin BabA
26695_1318288_A_T	26695	1318288	1318288	A>T	7.86E-01	0.104577	kmers	4.84E-01	-5.16E-03	HP1243	Blood group antigen binding adhesin BabA
26695_1318195_A_T	26695	1318195	1318195	A>T	7.89E-01	0.102923	kmers	7.45E-02	9.11E-03	HP1243	Blood group antigen binding adhesin BabA
26695_1319978_A_T	26695	1319978	1319978	A>T	7.91E-01	0.101824	kmers	5.04E-01	-4.78E-03	HP1243	Blood group antigen binding adhesin BabA
26695_1319956_A_T	26695	1319956	1319956	A>T	7.94E-01	0.100179	kmers	5.47E-01	-5.63E-03	HP1243	Blood group antigen binding adhesin BabA
26695_1319977_A_T	26695	1319977	1319977	A>T	8.02E-01	0.0958256	kmers	5.00E-01	-4.51E-03	HP1243	Blood group antigen binding adhesin BabA
26695_1319067_A_T	26695	1319067	1319067	A>T	8.03E-01	0.0952845	kmers	4.55E-02	-8.31E-03	HP1243	Blood group antigen binding adhesin BabA
26695_1318546_A_T	26695	1318546	1318546	A>T	8.03E-01	0.0952845	kmers	4.91E-02	1.04E-02	HP1243	Blood group antigen binding adhesin BabA
26695_1318286_A_T	26695	1318286	1318286	A>T	8.07E-01	0.0931265	kmers	6.65E-01	-4.46E-03	HP1243	Blood group antigen binding adhesin BabA
26695_1319687_A_T	26695	1319687	1319687	A>T	8.27E-01	0.0824945	kmers	1.84E-01	4.90E-03	HP1243	Blood group antigen binding adhesin BabA
26695_1319959_A_T	26695	1319959	1319959	A>T	8.32E-01	0.0798767	kmers	3.58E-01	-4.31E-03	HP1243	Blood group antigen binding adhesin BabA
26695_1317857_A_T	26695	1317857	1317857	A>T	8.42E-01	0.0746879	kmers	4.00E-01	4.21E-03	HP1243	Blood group antigen binding adhesin BabA
26695_1319957_A_T	26695	1319957	1319957	A>T	8.42E-01	0.0746879	kmers	5.55E-01	-4.32E-03	HP1243	Blood group antigen binding adhesin BabA
26695_1318153_A_T	26695	1318153	1318153	A>T	8.46E-01	0.0726296	kmers	6.38E-01	-3.56E-03	HP1243	Blood group antigen binding adhesin BabA
26695_1317859_A_T	26695	1317859	1317859	A>T	8.47E-01	0.0721166	kmers	3.98E-01	4.06E-03	HP1243	Blood group antigen binding adhesin BabA
26695_1319955_A_T	26695	1319955	1319955	A>T	8.49E-01	0.0710923	kmers	5.51E-01	-4.11E-03	HP1243	Blood group antigen binding adhesin BabA
26695_1317889_A_T	26695	1317889	1317889	A>T	8.49E-01	0.0710923	kmers	2.22E-01	-4.15E-03	HP1243	Blood group antigen binding adhesin BabA
26695_1318025_A_T	26695	1318025	1318025	A>T	8.50E-01	0.0705811	kmers	8.91E-02	6.06E-03	HP1243	Blood group antigen binding adhesin BabA
26695_1319889_A_T	26695	1319889	1319889	A>T	8.64E-01	0.0634863	kmers	2.20E-01	4.26E-03	HP1243	Blood group antigen binding adhesin BabA
26695_1318117_A_T	26695	1318117	1318117	A>T	8.67E-01	0.0619809	kmers	9.09E-02	-5.05E-03	HP1243	Blood group antigen binding adhesin BabA
26695_1318470_A_T	26695	1318470	1318470	A>T	8.77E-01	0.0570004	kmers	7.27E-02	-5.48E-03	HP1243	Blood group antigen binding adhesin BabA
26695_1318343_A_T	26695	1318343	1318343	A>T	8.78E-01	0.0565055	kmers	1.09E-01	-4.57E-03	HP1243	Blood group antigen binding adhesin BabA
26695_1319933_A_T	26695	1319933	1319933	A>T	8.82E-01	0.0545314	kmers	1.78E-01	-3.56E-03	HP1243	Blood group antigen binding adhesin BabA
26695_1318034_A_T	26695	1318034	1318034	A>T	8.82E-01	0.0545314	kmers	3.05E-01	-2.82E-03	HP1243	Blood group antigen binding adhesin BabA
26695_1318440_A_T	26695	1318440	1318440	A>T	8.84E-01	0.0535477	kmers	5.09E-02	-6.42E-03	HP1243	Blood group antigen binding adhesin BabA
26695_1319924_A_T	26695	1319924	1319924	A>T	8.88E-01	0.051587	kmers	1.80E-01	-3.37E-03	HP1243	Blood group antigen binding adhesin BabA
26695_1319926_A_T	26695	1319926	1319926	A>T	8.89E-01	0.0510982	kmers	1.82E-01	-3.31E-03	HP1243	Blood group antigen binding adhesin BabA
26695_1318252_A_T	26695	1318252	1318252	A>T	8.93E-01	0.0491485	kmers	3.96E-01	2.53E-03	HP1243	Blood group antigen binding adhesin BabA
26695_1318253_A_T	26695	1318253	1318253	A>T	8.93E-01	0.0491485	kmers	3.96E-01	2.53E-03	HP1243	Blood group antigen binding adhesin BabA
26695_1319932_A_T	26695	1319932	1319932	A>T	8.95E-01	0.048177	kmers	1.76E-01	-3.18E-03	HP1243	Blood group antigen binding adhesin BabA
26695_1319921_A_T	26695	1319921	1319921	A>T	9.02E-01	0.0447935	kmers	4.25E-01	2.20E-03	HP1243	Blood group antigen binding adhesin BabA
26695_1317881_A_T	26695	1317881	1317881	A>T	9.05E-01	0.0433514	kmers	3.42E-01	2.18E-03	HP1243	Blood group antigen binding adhesin BabA
26695_1318231_A_T	26695	1318231	1318231	A>T	9.06E-01	0.0428718	kmers	1.16E-01	-3.36E-03	HP1243	Blood group antigen binding adhesin BabA
26695_1319050_A_T	26695	1319050	1319050	A>T	9.11E-01	0.0404816	kmers	7.09E-02	-3.83E-03	HP1243	Blood group antigen binding adhesin BabA
26695_1318571_A_T	26695	1318571	1318571	A>T	9.11E-01	0.0404816	kmers	1.27E-01	3.08E-03	HP1243	Blood group antigen binding adhesin BabA
26695_1318273_A_T	26695	1318273	1318273	A>T	9.18E-01	0.0371573	kmers	2.11E-01	2.45E-03	HP1243	Blood group antigen binding adhesin BabA
26695_1319954_A_T	26695	1319954	1319954	A>T	9.31E-01	0.0310503	kmers	5.38E-01	-1.84E-03	HP1243	Blood group antigen binding adhesin BabA
26695_1318625_A_T	26695	1318625	1318625	A>T	9.35E-01	0.0291884	kmers	7.64E-02	2.80E-03	HP1243	Blood group antigen binding adhesin BabA
26695_1318164_A_T	26695	1318164	1318164	A>T	9.37E-01	0.0282604	kmers	6.64E-01	1.44E-03	HP1243	Blood group antigen binding adhesin BabA
26695_1318282_A_T	26695	1318282	1318282	A>T	9.38E-01	0.0277972	kmers	7.64E-02	2.49E-03	HP1243	Blood group antigen binding adhesin BabA
26695_1318620_A_T	26695	1318620	1318620	A>T	9.50E-01	0.0222764	kmers	3.20E-01	1.32E-03	HP1243	Blood group antigen binding adhesin BabA
26695_1317875_A_T	26695	1317875	1317875	A>T	9.50E-01	0.0222764	kmers	3.80E-01	-1.12E-03	HP1243	Blood group antigen binding adhesin BabA
26695_1319984_A_T	26695	1319984	1319984	A>T	9.50E-01	0.0222764	kmers	5.15E-01	-1.13E-03	HP1243	Blood group antigen binding adhesin BabA
26695_1318568_A_T	26695	1318568	1318568	A>T	9.51E-01	0.0218195	kmers	1.25E-01	1.72E-03	HP1243	Blood group antigen binding adhesin BabA
26695_1318162_A_T	26695	1318162	1318162	A>T	9.52E-01	0.0213631	kmers	6.47E-01	-1.08E-03	HP1243	Blood group antigen binding adhesin BabA
26695_1318102_A_T	26695	1318102	1318102	A>T	9.60E-01	0.0177288	kmers	8.00E-02	1.68E-03	HP1243	Blood group antigen binding adhesin BabA
26695_1318504_A_T	26695	1318504	1318504	A>T	9.63E-01	0.0163737	kmers	3.44E-01	-9.51E-04	HP1243	Blood group antigen binding adhesin BabA
26695_1317880_A_T	26695	1317880	1317880	A>T	9.66E-01	0.0150229	kmers	4.91E-02	1.87E-03	HP1243	Blood group antigen binding adhesin BabA
26695_1319896_A_T	26695	1319896	1319896	A>T	9.69E-01	0.0136762	kmers	2.02E-01	9.87E-04	HP1243	Blood group antigen binding adhesin BabA
26695_1317855_A_T	26695	1317855	1317855	A>T	9.71E-01	0.0127808	kmers	3.73E-01	7.76E-04	HP1243	Blood group antigen binding adhesin BabA
26695_1318066_A_T	26695	1318066	1318066	A>T	9.81E-01	0.00833099	kmers	1.35E-01	6.85E-04	HP1243	Blood group antigen binding adhesin BabA
26695_1318331_A_T	26695	1318331	1318331	A>T	9.88E-01	0.00524306	kmers	8.18E-02	5.11E-04	HP1243	Blood group antigen binding adhesin BabA
26695_1318780_A_T	26695	1318780	1318780	A>T	9.90E-01	0.00436481	kmers	1.18E-01	3.44E-04	HP1243	Blood group antigen binding adhesin BabA
26695_1319903_A_T	26695	1319903	1319903	A>T	9.91E-01	0.00392635	kmers	3.20E-01	-2.59E-04	HP1243	Blood group antigen binding adhesin BabA
26695_1318236_A_T	26695	1318236	1318236	A>T	9.99E-01	0.000434512	kmers	1.18E-01	-4.94E-05	HP1243	Blood group antigen binding adhesin BabA
