variant	af	filter-pvalue	lrt-pvalue	beta	beta-std-err	variant_h2	notes
GGGTTAAGGGTTTGCCCCACTTGTTCGCTCA		1.81E-01	3.16E-12	1.01E-08	3.27E-01	5.62E-02	2.47E-01	
GGTTAAGGGTTTGCCCCACTTGTTCGCTCAA		1.79E-01	7.47E-12	2.03E-08	3.21E-01	5.63E-02	2.42E-01	
AGGGTTAAGGGTTTGCCCCACTTGTTCGCTC		1.79E-01	7.47E-12	2.49E-08	3.20E-01	5.65E-02	2.40E-01	
AGCGAACAAGTGGGGCAAACCCTTAACCCTGA	1.72E-01	8.25E-12	2.59E-08	3.26E-01	5.76E-02	2.40E-01	
GTTAAGGGTTTGCCCCACTTGTTCGCTCAAA		1.77E-01	1.75E-11	4.52E-08	3.14E-01	5.66E-02	2.36E-01	
CTCAATTTGAGCGAACAAGTGGGGCAAACCCTT	1.24E-01	1.55E-06	1.55E-04	2.44E-01	6.39E-02	1.65E-01	
ATCAAAAAAGCCGTAATACCTAGCGCCCCAC		2.14E-01	6.95E-07	1.74E-04	1.99E-01	5.27E-02	1.63E-01	
GAACTAGGGCTTAAAATCCCTACCATTAACAC	8.97E-02	1.72E-06	1.90E-04	-2.76E-01	7.35E-02	1.62E-01	
AATTTGAGCGAACAAGTGGGGCAAACCCTTAA	1.24E-01	1.55E-06	1.98E-04	2.40E-01	6.41E-02	1.62E-01	
