variant,CHR,START,END,SNP,P,minLOG10,TYPE,AF,BETA,Gene,Product,secuencia_real,freq_casos,freq_controles,delta_freq,abs_delta_freq,log10_p,Grupo Dominante
26695_1319580,26695,1319580,1319580,A>T,3.31e-11,10.4802,kmers,0.524,0.129,HP1243,Blood group antigen binding adhesin BabA,AACGAGCCAGGGTATCGATCCACTTCCATCA,0.7272727272727273,0.14942528735632185,0.5778474399164054,0.5778474399164054,10.480172006224281,GC
26695_1319750,26695,1319750,1319750,A>T,9.84e-07,6.007,kmers,0.14,0.141,HP1243,Blood group antigen binding adhesin BabA,GCGCGAGCGCGAAGAATTTGATCGGCGATAA,0.1888111888111888,0.06896551724137931,0.11984567156980949,0.11984567156980949,6.007004901568658,GC
26695_1319751,26695,1319751,1319751,A>T,6.27e-09,8.20273,kmers,0.215,0.135,HP1243,Blood group antigen binding adhesin BabA,GGTATCGCCGATCAAATTCTTCGCGCTCGCGC,0.1048951048951049,0.034482758620689655,0.07041234627441524,0.07041234627441524,8.202732459169283,GC
26695_1319576,26695,1319576,1319576,A>T,3.53e-10,9.45223,kmers,0.471,0.119,HP1243,Blood group antigen binding adhesin BabA,CAGGTGATGGAAGTGGATCGATACCCTGGCTCG,0.055944055944055944,0.034482758620689655,0.02146129732336629,0.02146129732336629,9.452225294612177,GC
26695_1319588,26695,1319588,1319588,A>T,1.03e-06,5.98716,kmers,0.447,0.0983,HP1243,Blood group antigen binding adhesin BabA,GTGGATCGATACCCTGGCTCGTTGTTGAAGA,0.6153846153846154,0.09770114942528736,0.517683465959328,0.517683465959328,5.987162775294828,GC
26695_1319572,26695,1319572,1319572,A>T,4.98e-06,5.30277,kmers,0.307,0.0894,HP1243,Blood group antigen binding adhesin BabA,AGAACAAGTGATGGAAGTGGATCGATACCCTG,0.44755244755244755,0.06896551724137931,0.37858693031106827,0.37858693031106827,5.302770657240282,GC
26695_1319753,26695,1319753,1319753,A>T,2.69e-08,7.57025,kmers,0.204,0.13,HP1243,Blood group antigen binding adhesin BabA,TCGCCGATCAAATTCTTCGCGCTCGCGCCCA,0.2867132867132867,0.08620689655172414,0.20050639016156258,0.20050639016156258,7.570247719997592,GC
26695_1319751,26695,1319751,1319751,A>T,6.27e-09,8.20273,kmers,0.215,0.135,HP1243,Blood group antigen binding adhesin BabA,GGCGCGAGCGCGAAGAATTTGATCGGCGATA,0.2867132867132867,0.10344827586206896,0.18326501085121777,0.18326501085121777,8.202732459169283,GC
26695_1319584,26695,1319584,1319584,A>T,1.74e-07,6.75945,kmers,0.447,0.104,HP1243,Blood group antigen binding adhesin BabA,GGAAGTGGATCGATACCCTGGCTCGTTGTTA,0.1048951048951049,0.040229885057471264,0.06466521983763363,0.06466521983763363,6.7594507517174005,GC
26695_1319067,26695,1319067,1319067,A>T,1.74e-06,5.75945,kmers,0.213,0.11,HP1243,Blood group antigen binding adhesin BabA,CAAGAAATCAGCGCGATCCAAAAGATGATCA,0.04195804195804196,0.04597701149425287,-0.004018969536210913,0.004018969536210913,5.7594507517174005,NAG
26695_1319583,26695,1319583,1319583,A>T,4.16e-12,11.3809,kmers,0.524,0.134,HP1243,Blood group antigen binding adhesin BabA,AACAACGAGCCAGGGTATCGATCCACTTCCA,0.7272727272727273,0.14367816091954022,0.5835945663531871,0.5835945663531871,11.380906669373257,GC
26695_1319749,26695,1319749,1319749,A>T,5.22e-07,6.28233,kmers,0.142,0.144,HP1243,Blood group antigen binding adhesin BabA,CGCGAGCGCGAAGAATTTGATCGGCGATAAA,0.1958041958041958,0.06896551724137931,0.1268386785628165,0.1268386785628165,6.282329496997738,GC
26695_1319754,26695,1319754,1319754,A>T,3.4e-07,6.46852,kmers,0.138,0.142,HP1243,Blood group antigen binding adhesin BabA,CGCCGATCAAATTCTTCGCGCTCGCGCCCAG,0.21678321678321677,0.017241379310344827,0.19954183747287194,0.19954183747287194,6.468521082957745,GC
26695_1319746,26695,1319746,1319746,A>T,9.87e-06,5.00568,kmers,0.135,0.125,HP1243,Blood group antigen binding adhesin BabA,GGCTTTATCGCCGATCAAATTCTTCGCGCTCG,0.1888111888111888,0.07471264367816093,0.11409854513302788,0.11409854513302788,5.005682847330363,GC
26695_1319577,26695,1319577,1319577,A>T,4.01e-10,9.39686,kmers,0.469,0.119,HP1243,Blood group antigen binding adhesin BabA,AAGTGATGGAAGTGGATCGATACCCTGGCTC,0.6713286713286714,0.11494252873563218,0.5563861425930392,0.5563861425930392,9.396855627379818,GC
26695_1319754,26695,1319754,1319754,A>T,3.4e-07,6.46852,kmers,0.138,0.142,HP1243,Blood group antigen binding adhesin BabA,TTTGGGCGCGAGCGCGAAGAATTTGATCGGCG,0.07692307692307693,0.06896551724137931,0.007957559681697618,0.007957559681697618,6.468521082957745,GC
26695_1319702,26695,1319702,1319702,A>T,8.04e-07,6.09474,kmers,0.209,0.109,HP1243,Blood group antigen binding adhesin BabA,GCCGCGTTGATCGCTAAAAGCACGGCTTGATA,0.2867132867132867,0.08620689655172414,0.20050639016156258,0.20050639016156258,6.094743951251549,GC
26695_1319575,26695,1319575,1319575,A>T,6.01e-06,5.22113,kmers,0.315,0.0889,HP1243,Blood group antigen binding adhesin BabA,GCAAGTGATGGAAGTGGATCGATACCCTGGC,0.2097902097902098,0.04597701149425287,0.16381319829595692,0.16381319829595692,5.221125527997261,GC
26695_1319589,26695,1319589,1319589,A>T,1.49e-06,5.82681,kmers,0.445,0.0972,HP1243,Blood group antigen binding adhesin BabA,ATCTTCAACAACGAGCCAGGGTATCGATCCA,0.6083916083916084,0.09770114942528736,0.510690458966321,0.510690458966321,5.826813731587726,GC
26695_1319699,26695,1319699,1319699,A>T,8.04e-07,6.09474,kmers,0.209,0.109,HP1243,Blood group antigen binding adhesin BabA,ACCGCCGCGTTGATCGCTAAAAGCACGGCTTGA,0.2867132867132867,0.08620689655172414,0.20050639016156258,0.20050639016156258,6.094743951251549,GC
26695_1319699,26695,1319699,1319699,A>T,8.04e-07,6.09474,kmers,0.209,0.109,HP1243,Blood group antigen binding adhesin BabA,TATCAGGCCGTGCTTTTAGCGATCAACGCGGCGGT,0.09090909090909091,0.011494252873563218,0.0794148380355277,0.0794148380355277,6.094743951251549,GC
26695_1319759,26695,1319759,1319759,A>T,2.8e-07,6.55284,kmers,0.133,0.144,HP1243,Blood group antigen binding adhesin BabA,ATCAAATTCTTCGCGCTCGCGCCCAGATTTTC,0.22377622377622378,0.017241379310344827,0.20653484446587894,0.20653484446587894,6.552841968657781,GC
26695_1319576,26695,1319576,1319576,A>T,3.53e-10,9.45223,kmers,0.471,0.119,HP1243,Blood group antigen binding adhesin BabA,AGCCAGGGTATCGATCCACTTCCATCACTTG,0.6713286713286714,0.11494252873563218,0.5563861425930392,0.5563861425930392,9.452225294612177,GC
26695_1319594,26695,1319594,1319594,A>T,8.14e-06,5.08938,kmers,0.356,0.0919,HP1243,Blood group antigen binding adhesin BabA,CCACCATCTTCAACAACGAGCCAGGGTATCG,0.5104895104895105,0.05747126436781609,0.45301824612169445,0.45301824612169445,5.089375595110798,GC
26695_1319755,26695,1319755,1319755,A>T,2.47e-07,6.6073,kmers,0.131,0.145,HP1243,Blood group antigen binding adhesin BabA,GCCGATCAAATTCTTCGCGCTCGCGCCCAGATTT,0.21678321678321677,0.017241379310344827,0.19954183747287194,0.19954183747287194,6.607303046740334,GC
26695_1319581,26695,1319581,1319581,A>T,3.54e-11,10.451,kmers,0.522,0.128,HP1243,Blood group antigen binding adhesin BabA,CAACGAGCCAGGGTATCGATCCACTTCCATC,0.7272727272727273,0.14942528735632185,0.5778474399164054,0.5778474399164054,10.450996737974211,GC
26695_1319586,26695,1319586,1319586,A>T,8.99e-07,6.04624,kmers,0.458,0.0993,HP1243,Blood group antigen binding adhesin BabA,AAGTGGATCGATACCCTGGCTCGTTGTTGAA,0.6503496503496503,0.10919540229885058,0.5411542480507997,0.5411542480507997,6.046240308266771,GC
26695_1319761,26695,1319761,1319761,A>T,3.5e-06,5.45593,kmers,0.124,0.133,HP1243,Blood group antigen binding adhesin BabA,CAAATTCTTCGCGCTCGCGCCCAGATTTTCACG,0.20279720279720279,0.017241379310344827,0.18555582348685795,0.18555582348685795,5.455931955649724,GC
26695_1319063,26695,1319063,1319063,A>T,3.39e-06,5.4698,kmers,0.225,0.101,HP1243,Blood group antigen binding adhesin BabA,TCCGTGATCATCTTTTGGATCGCGCTGATTTC,0.25874125874125875,0.11494252873563218,0.14379873000562657,0.14379873000562657,5.4698003017969175,GC
26695_1319574,26695,1319574,1319574,A>T,4.98e-06,5.30277,kmers,0.307,0.0894,HP1243,Blood group antigen binding adhesin BabA,AACAAGTGATGGAAGTGGATCGATACCCTGG,0.44755244755244755,0.06896551724137931,0.37858693031106827,0.37858693031106827,5.302770657240282,GC
26695_1319748,26695,1319748,1319748,A>T,6.85e-06,5.16431,kmers,0.136,0.127,HP1243,Blood group antigen binding adhesin BabA,CTTTATCGCCGATCAAATTCTTCGCGCTCGC,0.1888111888111888,0.07471264367816093,0.11409854513302788,0.11409854513302788,5.164309428507575,GC
26695_1319054,26695,1319054,1319054,A>T,6.86e-06,5.16368,kmers,0.26,0.0942,HP1243,Blood group antigen binding adhesin BabA,CGATCCAAAAGATGATCACGGACGCGCAAGA,0.3146853146853147,0.13218390804597702,0.18250140663933767,0.18250140663933767,5.163675884293248,GC
26695_1319752,26695,1319752,1319752,A>T,3.78e-08,7.42251,kmers,0.198,0.13,HP1243,Blood group antigen binding adhesin BabA,ATCGCCGATCAAATTCTTCGCGCTCGCGCCC,0.26573426573426573,0.08620689655172414,0.17952736918254159,0.17952736918254159,7.422508200162775,GC
26695_1319062,26695,1319062,1319062,A>T,2.59e-06,5.5867,kmers,0.222,0.103,HP1243,Blood group antigen binding adhesin BabA,AATCAGCGCGATCCAAAAGATGATCACGGAC,0.25874125874125875,0.10919540229885058,0.14954585644240817,0.14954585644240817,5.586700235918748,GC
26695_1319069,26695,1319069,1319069,A>T,9.82e-07,6.00789,kmers,0.193,0.115,HP1243,Blood group antigen binding adhesin BabA,ATCATCTTTTGGATCGCGCTGATTTCTTCTG,0.2727272727272727,0.04597701149425287,0.22675026123301983,0.22675026123301983,6.00788851221305,GC
26695_1319575,26695,1319575,1319575,A>T,6.01e-06,5.22113,kmers,0.315,0.0889,HP1243,Blood group antigen binding adhesin BabA,ACAAGTGATGGAAGTGGATCGATACCCTGGC,0.46153846153846156,0.06896551724137931,0.3925729442970822,0.3925729442970822,5.221125527997261,GC
26695_1319579,26695,1319579,1319579,A>T,4.26e-11,10.3706,kmers,0.518,0.127,HP1243,Blood group antigen binding adhesin BabA,ACGAGCCAGGGTATCGATCCACTTCCATCAC,0.7132867132867133,0.14942528735632185,0.5638614259303915,0.5638614259303915,10.370590400897282,GC
26695_1319068,26695,1319068,1319068,A>T,1.73e-06,5.76195,kmers,0.213,0.11,HP1243,Blood group antigen binding adhesin BabA,AGAAGAAATCAGCGCGATCCAAAAGATGATC,0.2867132867132867,0.05172413793103448,0.23498914878225224,0.23498914878225224,5.761953896871205,GC
26695_1319587,26695,1319587,1319587,A>T,9.31e-07,6.03105,kmers,0.449,0.099,HP1243,Blood group antigen binding adhesin BabA,AGTGGATCGATACCCTGGCTCGTTGTTGAAG,0.6223776223776224,0.09770114942528736,0.524676472952335,0.524676472952335,6.031050319018657,GC
26695_1319578,26695,1319578,1319578,A>T,2.03e-09,8.6925,kmers,0.467,0.114,HP1243,Blood group antigen binding adhesin BabA,AGTGATGGAAGTGGATCGATACCCTGGCTCG,0.6643356643356644,0.11494252873563218,0.5493931356000322,0.5493931356000322,8.692503962086787,GC
26695_1319584,26695,1319584,1319584,A>T,1.74e-07,6.75945,kmers,0.447,0.104,HP1243,Blood group antigen binding adhesin BabA,CAACAACGAGCCAGGGTATCGATCCACTTCC,0.6293706293706294,0.10344827586206896,0.5259223535085604,0.5259223535085604,6.7594507517174005,GC
26695_1319070,26695,1319070,1319070,A>T,5.74e-06,5.24109,kmers,0.162,0.117,HP1243,Blood group antigen binding adhesin BabA,TCATCTTTTGGATCGCGCTGATTTCTTCTGAAAA,0.24475524475524477,0.028735632183908046,0.21601961257133673,0.21601961257133673,5.241088107602026,GC
26695_1319582,26695,1319582,1319582,A>T,5.23e-12,11.2815,kmers,0.525,0.133,HP1243,Blood group antigen binding adhesin BabA,ACAACGAGCCAGGGTATCGATCCACTTCCAT,0.7272727272727273,0.14942528735632185,0.5778474399164054,0.5778474399164054,11.281498311132726,GC
26695_1319067,26695,1319067,1319067,A>T,1.74e-06,5.75945,kmers,0.213,0.11,HP1243,Blood group antigen binding adhesin BabA,GAAGAAATCAGCGCGATCCAAAAGATGATCA,0.2937062937062937,0.05172413793103448,0.24198215577525922,0.24198215577525922,5.7594507517174005,GC
26695_1319585,26695,1319585,1319585,A>T,1.19e-07,6.92445,kmers,0.455,0.107,HP1243,Blood group antigen binding adhesin BabA,GAAGTGGATCGATACCCTGGCTCGTTGTTGA,0.6503496503496503,0.10344827586206896,0.5469013744875814,0.5469013744875814,6.924453038607469,GC
26695_1319591,26695,1319591,1319591,A>T,4.29e-07,6.36754,kmers,0.462,0.105,HP1243,Blood group antigen binding adhesin BabA,GATCGATACCCTGGCTCGTTGTTGAAGATGGT,0.6293706293706294,0.09770114942528736,0.531669479945342,0.531669479945342,6.367542707815276,GC
26695_1319590,26695,1319590,1319590,A>T,4.29e-07,6.36754,kmers,0.462,0.105,HP1243,Blood group antigen binding adhesin BabA,CATCTTCAACAACGAGCCAGGGTATCGATCC,0.6293706293706294,0.09770114942528736,0.531669479945342,0.531669479945342,6.367542707815276,GC
